Data,preco,variacao,quantidade,classes
12/06/2015,53347.53,"-0,64",2453109.0,-
11/06/2015,53688.51,"-0,35",3189181.0,=
10/06/2015,53876.44,"2,01",3698521.0,+
09/06/2015,52815.99,"0,01",3791772.0,=
08/06/2015,52809.63,"-0,31",2662367.0,=
05/06/2015,52973.37,"-1,03",2813461.0,-
03/06/2015,53522.9,"-1,32",3420098.0,-
02/06/2015,54236.43,"2,27",3583478.0,+
01/06/2015,53031.31,"0,51",2758061.0,+
29/05/2015,52760.47,"-2,25",5725076.0,-
28/05/2015,53976.27,"-0,48",3004645.0,=
27/05/2015,54236.25,"1,13",3583124.0,+
26/05/2015,53629.78,"-1,79",3426957.0,-
25/05/2015,54609.25,"0,43",1654206.0,=
22/05/2015,54377.29,"-1,33",3803178.0,-
21/05/2015,55112.05,"0,38",3405913.0,=
20/05/2015,54901.02,"-1,08",3380056.0,-
19/05/2015,55498.82,"-1,26",3322746.0,-
18/05/2015,56204.23,"-1,82",3895263.0,-
15/05/2015,57248.63,"1,04",2983928.0,+
14/05/2015,56656.57,"0,5",3309088.0,=
13/05/2015,56372.04,"-0,74",3166747.0,-
12/05/2015,56792.05,"-0,71",3183086.0,-
11/05/2015,57197.1,"0,08",3057993.0,=
08/05/2015,57149.33,"0,4",3410939.0,=
07/05/2015,56921.39,"-0,32",3065102.0,=
06/05/2015,57103.14,"-1,63",4598417.0,-
05/05/2015,58051.61,"1,22",3903794.0,+
04/05/2015,57353.98,"2,0",3492590.0,+
30/04/2015,56229.38,"1,63",4947523.0,+
29/04/2015,55325.29,"-0,87",3888356.0,-
28/04/2015,55812.03,"0,5",4082582.0,=
27/04/2015,55534.5,"-1,87",3854258.0,-
24/04/2015,56594.22,"1,63",4982038.0,+
23/04/2015,55684.85,"1,95",5535066.0,+
22/04/2015,54617.36,"1,59",3700600.0,+
20/04/2015,53761.27,"-0,36",2688021.0,=
17/04/2015,53954.79,"-1,32",3537233.0,-
16/04/2015,54674.21,"-0,45",4132996.0,=
15/04/2015,54918.74,"1,74",4069591.0,+
14/04/2015,53981.92,"-0,48",3747086.0,=
13/04/2015,54239.77,"0,05",3660322.0,=
10/04/2015,54214.11,"0,76",3682967.0,+
09/04/2015,53802.66,"0,26",4338285.0,=
08/04/2015,53661.11,"-0,13",4780429.0,=
07/04/2015,53729.16,"-0,02",3487120.0,=
06/04/2015,53737.26,"1,16",3322148.0,+
02/04/2015,53123.02,"1,53",4266455.0,+
01/04/2015,52321.76,"2,29",4411535.0,+
31/03/2015,51150.16,"-0,18",3511300.0,=
30/03/2015,51243.45,"2,29",2798452.0,+
27/03/2015,50094.66,"-0,96",3927650.0,-
26/03/2015,50579.85,"-2,47",3638500.0,-
25/03/2015,51858.3,"0,68",4774634.0,+
24/03/2015,51506.07,"-0,78",3436456.0,-
23/03/2015,51908.46,"-0,11",3397488.0,=
20/03/2015,51966.58,"1,99",4916763.0,+
19/03/2015,50953.53,"-1,11",3263564.0,-
18/03/2015,51526.19,"2,47",4458894.0,+
17/03/2015,50285.12,"2,94",4013882.0,+
16/03/2015,48848.21,"0,52",3155437.0,+
13/03/2015,48595.81,"-0,58",4475599.0,-
12/03/2015,48880.4,"-0,05",3833169.0,=
11/03/2015,48905.58,"1,27",3839695.0,+
10/03/2015,48293.4,"-1,8",4434294.0,-
09/03/2015,49181.01,"-1,6",3299116.0,-
06/03/2015,49981.19,"-0,76",2787839.0,-
05/03/2015,50365.2,"-0,2",2732467.0,=
04/03/2015,50468.05,"-1,63",3654687.0,-
03/03/2015,51304.1,"0,56",2746169.0,+
02/03/2015,51020.81,"-1,09",2793671.0,-
27/02/2015,51583.09,"-0,34",4177311.0,=
26/02/2015,51760.54,"-0,1",3238977.0,=
25/02/2015,51811.02,"-0,12",3477249.0,=
24/02/2015,51874.17,"1,16",3004176.0,+
23/02/2015,51280.64,"0,08",2824504.0,=
20/02/2015,51237.7,"-0,11",2208689.0,=
19/02/2015,51294.03,"0,03",2485146.0,=
18/02/2015,51280.36,"1,27",2940688.0,+
13/02/2015,50635.92,"2,23",3888107.0,+
12/02/2015,49532.72,"2,68",3828520.0,+
11/02/2015,48239.67,"-0,56",4307622.0,-
10/02/2015,48510.28,"-1,77",3796049.0,-
09/02/2015,49382.58,"1,21",3658907.0,+
06/02/2015,48792.27,"-0,9",4591440.0,-
05/02/2015,49233.85,"-0,14",4003968.0,=
04/02/2015,49301.05,"0,69",4811275.0,+
03/02/2015,48963.66,"2,76",4819816.0,+
02/02/2015,47650.73,"1,58",3247780.0,+
30/01/2015,46907.68,"-1,79",4846621.0,-
29/01/2015,47762.24,"0,14",4405476.0,=
28/01/2015,47694.54,"-1,85",4241414.0,-
27/01/2015,48591.23,"0,03",3890909.0,=
26/01/2015,48576.55,"-0,41",2774186.0,=
23/01/2015,48775.3,"-1,35",3081606.0,-
22/01/2015,49442.62,"0,44",4952273.0,=
21/01/2015,49224.08,"2,81",3561430.0,+
20/01/2015,47876.66,"0,25",2899144.0,=
19/01/2015,47758.01,"-2,57",2096017.0,-
16/01/2015,49016.52,"2,06",3344912.0,+
15/01/2015,48026.31,"0,8",4463625.0,+
14/01/2015,47645.87,"-0,82",3697182.0,-
13/01/2015,48041.67,"-0,2",3881645.0,=
12/01/2015,48139.74,"-1,43",3246063.0,-
09/01/2015,48840.25,"-2,21",2999244.0,-
08/01/2015,49943.3,"0,97",3621862.0,+
07/01/2015,49462.91,"3,05",4408794.0,+
06/01/2015,48000.92,"1,02",4559276.0,+
05/01/2015,47516.82,"-2,05",3866056.0,-
02/01/2015,48512.22,"-2,99",2882090.0,-
30/12/2014,50007.41,"-1,16",2925304.0,-
29/12/2014,50593.82,"0,9",1852527.0,+
26/12/2014,50144.63,"-1,46",1911144.0,-
23/12/2014,50889.81,"1,53",2668328.0,+
22/12/2014,50120.86,"0,95",2675205.0,+
19/12/2014,49650.98,"2,38",3620415.0,+
18/12/2014,48495.7,"-0,45",4240484.0,=
17/12/2014,48713.64,"3,63",6209492.0,+
16/12/2014,47007.51,"-0,02",5339881.0,=
15/12/2014,47018.68,"-2,05",4685720.0,-
12/12/2014,48001.98,"-3,73",3756728.0,-
11/12/2014,49861.81,"0,63",3828879.0,+
10/12/2014,49548.08,"-1,29",3168907.0,-
09/12/2014,50193.47,"-0,16",3852878.0,=
08/12/2014,50274.07,"-3,31",3302589.0,-
05/12/2014,51992.89,"1,1",2530145.0,+
04/12/2014,51426.87,"-1,71",2913305.0,-
03/12/2014,52320.48,"1,37",2724607.0,+
02/12/2014,51612.47,"-1,27",3296415.0,-
01/12/2014,52276.58,"-4,47",4312809.0,-
28/11/2014,54724.0,"0,0",2637724.0,=
27/11/2014,54721.32,"-0,68",2292717.0,-
26/11/2014,55098.47,"-0,83",3033293.0,-
25/11/2014,55560.81,"0,28",5033206.0,=
24/11/2014,55406.91,"-1,21",4588699.0,-
21/11/2014,56084.04,"5,02",6026202.0,+
19/11/2014,53402.81,"2,58",4251304.0,+
18/11/2014,52061.86,"1,57",3639741.0,+
17/11/2014,51256.99,"-1,0",2824585.0,-
14/11/2014,51772.4,"-0,14",3789284.0,=
13/11/2014,51846.03,"-2,14",3032941.0,-
12/11/2014,52978.89,"0,96",3198594.0,+
11/11/2014,52474.27,"-0,48",2678503.0,=
10/11/2014,52725.38,"-0,93",2973736.0,-
07/11/2014,53222.85,"1,11",3592633.0,+
06/11/2014,52637.06,"-1,98",3692537.0,-
05/11/2014,53698.42,"-1,26",2901570.0,-
04/11/2014,54383.59,"0,81",3529761.0,+
03/11/2014,53947.21,"-1,25",3665198.0,-
31/10/2014,54628.6,"4,38",5348249.0,+
30/10/2014,52336.83,"2,52",4299676.0,+
29/10/2014,51049.32,"-2,45",4915304.0,-
28/10/2014,52330.03,"3,62",5761341.0,+
27/10/2014,50503.66,"-2,77",7999298.0,-
24/10/2014,51940.73,"2,42",5852055.0,+
23/10/2014,50713.26,"-3,24",6346135.0,-
22/10/2014,52411.03,"-0,04",3755447.0,=
21/10/2014,52432.43,"-3,44",6577961.0,-
20/10/2014,54302.57,"-2,55",3868320.0,-
17/10/2014,55723.79,"2,63",4406308.0,+
16/10/2014,54298.33,"-3,27",5427807.0,-
15/10/2014,56135.27,"-3,24",5671150.0,-
14/10/2014,58015.46,"0,1",3904652.0,=
13/10/2014,57956.53,"4,78",4544409.0,+
10/10/2014,55311.59,"-3,42",3635675.0,-
09/10/2014,57267.53,"0,37",4503165.0,=
08/10/2014,57058.48,"-0,66",4807150.0,-
07/10/2014,57436.33,"0,56",4874144.0,+
06/10/2014,57115.9,"4,72",6714014.0,+
03/10/2014,54539.55,"1,91",3708611.0,+
02/10/2014,53518.57,"1,25",3986347.0,+
01/10/2014,52858.43,"-2,32",4918814.0,-
30/09/2014,54115.98,"-0,93",5222294.0,-
29/09/2014,54625.35,"-4,52",5186403.0,-
26/09/2014,57212.38,"2,23",2982205.0,+
25/09/2014,55962.08,"-1,52",2845403.0,-
24/09/2014,56824.42,"0,5",2848323.0,=
23/09/2014,56540.5,"-0,49",3317225.0,=
22/09/2014,56818.11,"-1,68",3814905.0,-
19/09/2014,57788.7,"-1,0",3464679.0,-
18/09/2014,58374.48,"-1,24",3848211.0,-
17/09/2014,59108.19,"-0,01",3525814.0,=
16/09/2014,59114.66,"2,01",4876263.0,+
15/09/2014,57948.76,"1,79",2902308.0,+
12/09/2014,56927.81,"-2,42",4620175.0,-
11/09/2014,58337.29,"0,24",2893142.0,=
10/09/2014,58198.66,"-0,81",3805783.0,-
09/09/2014,58676.34,"-0,87",4461153.0,-
08/09/2014,59192.75,"-2,45",4386039.0,-
05/09/2014,60681.98,"-0,19",3808562.0,=
04/09/2014,60800.02,"-1,68",4010702.0,-
03/09/2014,61837.04,"-0,1",4164325.0,=
02/09/2014,61895.98,"1,23",3995833.0,+
01/09/2014,61141.27,"-0,24",2769066.0,=
29/08/2014,61288.15,"1,65",4942427.0,+
28/08/2014,60290.87,"-1,08",4462581.0,-
27/08/2014,60950.57,"1,89",5389147.0,+
26/08/2014,59821.45,"0,14",4014125.0,=
25/08/2014,59735.17,"2,27",2875575.0,+
22/08/2014,58407.32,"-0,99",2327337.0,-
21/08/2014,58992.11,"0,19",3322025.0,=
20/08/2014,58878.24,"0,73",3300089.0,+
19/08/2014,58449.29,"1,54",3484966.0,+
18/08/2014,57560.72,"1,05",3268252.0,+
15/08/2014,56963.65,"2,12",3437709.0,+
14/08/2014,55780.41,"0,36",3045366.0,=
13/08/2014,55581.19,"-1,53",4810759.0,-
12/08/2014,56442.34,"-0,3",2145016.0,=
11/08/2014,56613.32,"1,87",2672473.0,+
08/08/2014,55572.93,"-1,09",3017347.0,-
07/08/2014,56188.05,"-0,53",3049233.0,-
06/08/2014,56487.18,"0,51",4006168.0,+
05/08/2014,56202.1,"-0,73",3752629.0,-
04/08/2014,56616.33,"1,28",2195137.0,+
01/08/2014,55902.87,"0,13",3229092.0,=
31/07/2014,55829.41,"-1,84",3488629.0,-
30/07/2014,56877.97,"-0,42",2446185.0,=
29/07/2014,57118.81,"-1,0",2702091.0,-
28/07/2014,57695.72,"-0,22",2366757.0,=
25/07/2014,57821.08,"-0,27",2422236.0,=
24/07/2014,57977.56,"0,97",3040095.0,+
23/07/2014,57419.96,"-0,97",2735092.0,-
22/07/2014,57983.32,"0,61",3010254.0,+
21/07/2014,57633.92,"1,09",3034796.0,+
18/07/2014,57012.9,"2,47",5296344.0,+
17/07/2014,55637.51,"-0,14",3975724.0,=
16/07/2014,55717.36,"-0,46",4094529.0,=
15/07/2014,55973.61,"0,41",3222259.0,=
14/07/2014,55743.98,"1,75",4170297.0,+
11/07/2014,54785.93,"0,35",3377245.0,=
10/07/2014,54592.75,"1,79",4720317.0,+
08/07/2014,53634.69,"-0,31",1854587.0,=
07/07/2014,53801.83,"-0,47",2194504.0,=
04/07/2014,54055.9,"0,34",753841.0,=
03/07/2014,53874.58,"1,59",3302860.0,+
02/07/2014,53028.78,"-0,27",3156004.0,=
01/07/2014,53171.49,"0,01",2693285.0,=
30/06/2014,53168.22,"0,02",2448709.0,=
27/06/2014,53157.3,"-0,65",2370839.0,-
26/06/2014,53506.75,"0,15",2241337.0,=
25/06/2014,53425.74,"-1,58",2953135.0,-
24/06/2014,54280.78,"0,13",3121533.0,=
23/06/2014,54210.05,"-0,78",1403090.0,-
20/06/2014,54638.19,"-1,02",2347832.0,-
18/06/2014,55202.54,"1,66",3265409.0,+
17/06/2014,54299.95,"-0,6",1588438.0,-
16/06/2014,54629.55,"-0,32",2637401.0,=
13/06/2014,54806.64,"-0,54",2664409.0,-
11/06/2014,55102.44,"0,91",3795996.0,+
10/06/2014,54604.34,"0,61",3729893.0,+
09/06/2014,54273.16,"2,15",3659965.0,+
06/06/2014,53128.66,"3,04",4298352.0,+
05/06/2014,51558.79,"-0,53",2890028.0,-
04/06/2014,51832.98,"-0,38",2571541.0,=
03/06/2014,52032.38,"0,83",2859368.0,+
02/06/2014,51605.83,"0,72",2597872.0,+
30/05/2014,51239.34,"-1,91",4533174.0,-
29/05/2014,52239.34,"-0,76",2394259.0,-
28/05/2014,52639.75,"0,89",2842506.0,+
27/05/2014,52173.98,"-1,43",2894729.0,-
26/05/2014,52932.91,"0,58",1186785.0,+
23/05/2014,52626.41,"-0,34",2462301.0,=
22/05/2014,52806.22,"1,15",2941428.0,+
21/05/2014,52203.37,"-0,31",3248132.0,=
20/05/2014,52366.19,"-1,85",3948600.0,-
19/05/2014,53353.1,"-1,15",3089500.0,-
16/05/2014,53975.76,"0,22",3541383.0,=
15/05/2014,53855.54,"-1,02",3436116.0,-
14/05/2014,54412.54,"0,94",2878868.0,+
13/05/2014,53907.46,"-0,27",2956578.0,=
12/05/2014,54052.9,"1,79",2744333.0,+
09/05/2014,53100.34,"-0,6",3177920.0,-
08/05/2014,53422.37,"-1,17",3344300.0,-
07/05/2014,54052.74,"0,51",4569557.0,+
06/05/2014,53779.74,"0,62",4965708.0,+
05/05/2014,53446.17,"0,88",4441053.0,+
02/05/2014,52980.31,"2,62",8106016.0,+
30/04/2014,51626.69,"-0,41",4623574.0,=
29/04/2014,51838.61,"0,89",4326286.0,+
28/04/2014,51383.68,"-0,03",2711320.0,=
25/04/2014,51399.35,"-0,81",2954727.0,-
24/04/2014,51817.45,"0,48",3186896.0,=
23/04/2014,51569.69,"-0,78",2843977.0,-
22/04/2014,51976.86,"-0,26",3492932.0,=
17/04/2014,52111.85,"1,78",3015507.0,+
16/04/2014,51200.56,"1,48",3427146.0,+
15/04/2014,50454.35,"-2,21",3858816.0,-
14/04/2014,51596.55,"-0,52",2686846.0,-
11/04/2014,51867.29,"1,45",3395276.0,+
10/04/2014,51127.48,"-0,11",3588904.0,=
09/04/2014,51185.4,"-0,86",4195258.0,-
08/04/2014,51629.07,"-1,01",5496115.0,-
07/04/2014,52155.28,"2,1",3673402.0,+
04/04/2014,51081.78,"-0,63",3696164.0,-
03/04/2014,51408.21,"-0,57",3503425.0,-
02/04/2014,51701.05,"2,85",4790742.0,+
01/04/2014,50270.37,"-0,29",3501176.0,=
31/03/2014,50414.92,"1,3",3645866.0,+
28/03/2014,49768.06,"0,24",4230514.0,=
27/03/2014,49646.79,"3,5",5928204.0,+
26/03/2014,47965.61,"-0,45",3439099.0,=
25/03/2014,48180.14,"0,39",2953808.0,=
24/03/2014,47993.42,"1,29",3008911.0,+
21/03/2014,47380.94,"0,22",4187629.0,=
20/03/2014,47278.48,"1,53",4364813.0,+
19/03/2014,46567.23,"0,9",3337696.0,+
18/03/2014,46150.96,"2,29",3593948.0,+
17/03/2014,45117.8,"0,34",2929333.0,=
14/03/2014,44965.66,"-1,05",3477104.0,-
13/03/2014,45443.83,"-0,91",3118215.0,-
12/03/2014,45861.81,"0,36",3021302.0,=
11/03/2014,45697.62,"0,36",3281473.0,=
10/03/2014,45533.2,"-1,54",3673613.0,-
07/03/2014,46244.07,"-1,8",3982793.0,-
06/03/2014,47093.13,"1,08",3164891.0,+
05/03/2014,46589.0,"-1,07",2293041.0,-
28/02/2014,47094.4,"-1,08",4088322.0,-
27/02/2014,47606.75,"2,16",3046271.0,+
26/02/2014,46599.21,"-0,25",3225697.0,=
25/02/2014,46715.91,"-1,43",2924848.0,-
24/02/2014,47393.5,"0,03",2990702.0,=
21/02/2014,47380.24,"0,19",2605766.0,=
20/02/2014,47288.61,"0,29",2996909.0,=
19/02/2014,47150.83,"1,18",3995373.0,+
18/02/2014,46599.76,"-2,05",3859991.0,-
17/02/2014,47576.33,"-1,3",1884193.0,-
14/02/2014,48201.11,"0,81",3192242.0,+
13/02/2014,47812.83,"-0,84",3167107.0,-
12/02/2014,48216.89,"-0,51",2766348.0,-
11/02/2014,48462.79,"1,58",3379297.0,+
10/02/2014,47710.82,"-0,75",2634451.0,-
07/02/2014,48073.6,"0,7",3195823.0,+
06/02/2014,47738.09,"2,39",3632232.0,+
05/02/2014,46624.39,"-0,72",3358924.0,-
04/02/2014,46964.22,"1,77",3471632.0,+
03/02/2014,46147.52,"-3,13",3622077.0,-
31/01/2014,47638.99,"0,84",3718733.0,+
30/01/2014,47244.26,"-0,66",3108272.0,-
29/01/2014,47556.78,"-0,59",3324893.0,-
28/01/2014,47840.93,"0,29",2694500.0,=
27/01/2014,47701.05,"-0,18",2936027.0,=
24/01/2014,47787.38,"-1,1",3535017.0,-
23/01/2014,48320.64,"-1,99",3881695.0,-
22/01/2014,49299.66,"1,56",3873302.0,+
21/01/2014,48542.07,"-0,34",3104365.0,=
20/01/2014,48708.41,"-0,96",1413033.0,-
17/01/2014,49181.86,"-1,04",2615016.0,-
16/01/2014,49696.28,"-0,82",2944479.0,-
15/01/2014,50105.37,"0,81",2835624.0,+
14/01/2014,49703.1,"0,56",2887806.0,+
13/01/2014,49426.9,"-0,54",2802960.0,-
10/01/2014,49696.45,"0,76",3509559.0,+
09/01/2014,49321.68,"-2,48",3702591.0,-
08/01/2014,50576.64,"0,29",2916519.0,=
07/01/2014,50430.02,"-1,07",3339481.0,-
06/01/2014,50973.62,"-0,01",3727849.0,=
03/01/2014,50981.09,"1,27",7360435.0,+
02/01/2014,50341.25,"-2,26",3476344.0,-
30/12/2013,51507.16,"0,47",2048584.0,=
27/12/2013,51266.56,"0,09",2002577.0,=
26/12/2013,51221.01,"-0,26",1810040.0,=
24/12/2013,51356.1,"0,0",,=
23/12/2013,51356.1,"0,33",2305799.0,=
20/12/2013,51185.74,"-0,87",3715176.0,-
19/12/2013,51633.43,"2,12",2963036.0,+
18/12/2013,50563.43,"0,94",4527717.0,+
17/12/2013,50090.35,"-0,38",2678314.0,=
16/12/2013,50279.61,"0,46",2796526.0,=
13/12/2013,50051.18,"-0,14",2875665.0,=
12/12/2013,50121.61,"0,11",3049380.0,=
11/12/2013,50067.99,"-1,81",3083141.0,-
10/12/2013,50993.02,"-0,34",2127973.0,=
09/12/2013,51165.38,"0,43",2277888.0,=
06/12/2013,50944.27,"0,31",3353325.0,=
05/12/2013,50787.63,"1,14",3672303.0,+
04/12/2013,50215.79,"-0,26",3641167.0,=
03/12/2013,50348.89,"-1,75",3683095.0,-
02/12/2013,51244.87,"-2,36",3793550.0,-
29/11/2013,52482.49,"1,23",2633458.0,+
28/11/2013,51846.83,"-0,03",2416589.0,=
27/11/2013,51861.21,"0,81",3108021.0,+
26/11/2013,51446.91,"-1,56",3730188.0,-
25/11/2013,52263.51,"-1,02",3075307.0,-
22/11/2013,52800.74,"0,21",3467097.0,=
21/11/2013,52688.02,"-0,65",3624589.0,-
19/11/2013,53032.91,"-2,35",3649177.0,-
18/11/2013,54307.04,"1,6",3320479.0,+
14/11/2013,53451.6,"2,34",3609727.0,+
13/11/2013,52230.29,"0,82",3415415.0,+
12/11/2013,51804.33,"-1,56",3848194.0,-
11/11/2013,52623.87,"0,72",2317839.0,+
08/11/2013,52248.86,"-0,93",4105316.0,-
07/11/2013,52740.79,"-1,21",4874307.0,-
06/11/2013,53384.6,"-0,83",4258832.0,-
05/11/2013,53831.85,"-1,11",3327669.0,-
04/11/2013,54436.92,"0,78",2731024.0,+
01/11/2013,54013.24,"-0,45",4094411.0,=
31/10/2013,54256.2,"0,15",12953822.0,=
30/10/2013,54172.82,"-0,67",6039235.0,-
29/10/2013,54538.8,"-0,97",6136229.0,-
28/10/2013,55073.37,"1,7",5796138.0,+
25/10/2013,54154.15,"-1,32",4940331.0,-
24/10/2013,54877.15,"-1,02",5649289.0,-
23/10/2013,55440.03,"-1,81",4019188.0,-
22/10/2013,56460.38,"0,68",4606973.0,+
21/10/2013,56077.43,"1,26",4658514.0,+
18/10/2013,55378.46,"0,04",5977542.0,=
17/10/2013,55358.13,"-1,1",7207230.0,-
16/10/2013,55973.03,"1,8",12960046.0,+
15/10/2013,54980.64,"1,5",8575265.0,+
14/10/2013,54170.6,"1,92",4094501.0,+
11/10/2013,53149.62,"0,29",3052373.0,=
10/10/2013,52996.64,"0,85",4136779.0,+
09/10/2013,52547.71,"0,45",4212435.0,=
08/10/2013,52312.44,"-0,2",4002546.0,=
07/10/2013,52417.1,"-0,82",3472155.0,-
04/10/2013,52848.97,"0,68",4300379.0,+
03/10/2013,52489.86,"-1,15",3992085.0,-
02/10/2013,53100.18,"-0,15",4144762.0,=
01/10/2013,53179.46,"1,61",5041869.0,+
30/09/2013,52338.19,"-2,61",6498537.0,-
27/09/2013,53738.92,"-0,08",4217435.0,=
26/09/2013,53782.97,"-0,88",6266303.0,-
25/09/2013,54261.11,"-0,31",3903922.0,=
24/09/2013,54431.05,"-0,31",4296002.0,=
23/09/2013,54602.38,"0,91",3915447.0,+
20/09/2013,54110.03,"-1,79",4420945.0,-
19/09/2013,55095.69,"-1,09",5134517.0,-
18/09/2013,55702.9,"2,64",7541073.0,+
17/09/2013,54271.25,"0,84",4249239.0,+
16/09/2013,53821.63,"0,04",4774940.0,=
13/09/2013,53797.51,"0,92",4938645.0,+
12/09/2013,53307.09,"-0,49",6094588.0,=
11/09/2013,53570.46,"-0,76",6816963.0,-
10/09/2013,53979.03,"-0,5",6826361.0,=
09/09/2013,54251.85,"0,93",7775303.0,+
06/09/2013,53749.42,"2,67",10524421.0,+
05/09/2013,52351.86,"1,23",6194192.0,+
04/09/2013,51716.16,"0,18",5036455.0,=
03/09/2013,51625.5,"-0,4",6886978.0,=
02/09/2013,51835.15,"3,65",9666293.0,+
30/08/2013,50011.75,"0,18",14233446.0,=
29/08/2013,49921.88,"0,11",7990931.0,=
28/08/2013,49866.92,"-0,45",8503490.0,=
27/08/2013,50091.55,"-2,6",5718306.0,-
26/08/2013,51429.48,"-1,47",4283342.0,-
23/08/2013,52197.06,"1,56",5887853.0,+
22/08/2013,51397.66,"1,97",5569979.0,+
21/08/2013,50405.2,"-0,2",5993473.0,=
20/08/2013,50507.02,"-2,07",5834324.0,-
19/08/2013,51574.09,"0,07",6388044.0,=
16/08/2013,51538.78,"1,24",7402332.0,+
15/08/2013,50908.34,"0,02",8357310.0,=
14/08/2013,50895.92,"0,58",11269003.0,+
13/08/2013,50600.55,"0,6",6511885.0,+
12/08/2013,50299.49,"0,85",7041146.0,+
09/08/2013,49874.9,"1,93",6321020.0,+
08/08/2013,48928.82,"3,12",5221897.0,+
07/08/2013,47446.71,"0,05",4463409.0,=
06/08/2013,47421.85,"-2,09",5267069.0,-
05/08/2013,48436.44,"-0,08",3743019.0,=
02/08/2013,48474.04,"-1,36",4491267.0,-
01/08/2013,49140.78,"1,88",4687460.0,+
31/07/2013,48234.49,"-0,67",4944680.0,-
30/07/2013,48561.78,"-1,32",5507603.0,-
29/07/2013,49212.33,"-0,42",3285154.0,=
26/07/2013,49422.05,"0,72",3997364.0,+
25/07/2013,49066.75,"1,43",4935610.0,+
24/07/2013,48374.23,"-0,91",5006482.0,-
23/07/2013,48819.52,"0,51",4579428.0,+
22/07/2013,48574.09,"2,48",4132020.0,+
19/07/2013,47400.23,"-0,54",3473908.0,-
18/07/2013,47656.92,"0,53",4285185.0,+
17/07/2013,47407.31,"1,15",5184984.0,+
16/07/2013,46869.29,"0,28",4775743.0,=
15/07/2013,46738.9,"2,65",4842797.0,+
12/07/2013,45533.24,"-2,34",5357154.0,-
11/07/2013,46626.26,"2,51",5587873.0,+
10/07/2013,45483.43,"0,9",4867678.0,+
09/07/2013,45075.5,"0,0",4664090.0,=
08/07/2013,45075.5,"-0,3",4664090.0,=
05/07/2013,45210.49,"-1,21",6988118.0,-
04/07/2013,45763.16,"1,6",5100405.0,+
03/07/2013,45044.03,"-0,41",6998886.0,=
02/07/2013,45228.95,"-4,24",8123338.0,-
01/07/2013,47229.59,"-0,48",6658306.0,=
28/06/2013,47457.13,"-0,32",5752820.0,=
27/06/2013,47609.46,"0,93",5567286.0,+
26/06/2013,47171.98,"0,59",5636207.0,+
25/06/2013,46893.04,"2,02",4773529.0,+
24/06/2013,45965.05,"-2,32",6301491.0,-
21/06/2013,47056.04,"-2,4",6416384.0,-
20/06/2013,48214.43,"0,67",8789348.0,+
19/06/2013,47893.06,"-3,18",6582567.0,-
18/06/2013,49464.94,"0,77",5977285.0,+
17/06/2013,49088.65,"-0,49",5324695.0,=
14/06/2013,49332.34,"-2,15",5826088.0,-
13/06/2013,50414.89,"2,51",6228368.0,+
12/06/2013,49180.58,"-1,18",7779944.0,-
11/06/2013,49769.93,"-3,01",5560517.0,-
10/06/2013,51316.65,"-0,59",4689463.0,-
07/06/2013,51618.63,"-2,39",5635254.0,-
06/06/2013,52884.83,"0,16",4088832.0,=
05/06/2013,52798.63,"-2,26",4630213.0,-
04/06/2013,54017.9,"0,14",4314533.0,=
03/06/2013,53944.36,"0,82",4336132.0,+
31/05/2013,53506.08,"-2,07",8790457.0,-
29/05/2013,54634.69,"-2,5",5004187.0,-
28/05/2013,56036.26,"-0,64",4175226.0,-
27/05/2013,56395.94,"-0,02",2051104.0,=
24/05/2013,56406.21,"0,1",4852680.0,=
23/05/2013,56349.91,"-0,14",4072075.0,=
22/05/2013,56429.27,"0,29",4872352.0,=
21/05/2013,56265.32,"1,01",3898516.0,+
20/05/2013,55700.77,"0,97",4164751.0,+
17/05/2013,55164.27,"0,72",4067477.0,+
16/05/2013,54772.62,"-0,3",5080243.0,=
15/05/2013,54936.41,"0,49",4899788.0,=
14/05/2013,54666.82,"0,4",5094782.0,=
13/05/2013,54447.77,"-1,2",3956469.0,-
10/05/2013,55107.8,"-0,61",5315139.0,-
09/05/2013,55447.56,"-0,64",4799457.0,-
08/05/2013,55804.8,"-0,83",6519724.0,-
07/05/2013,56274.66,"1,52",6235442.0,+
06/05/2013,55429.88,"-0,1",6452639.0,=
03/05/2013,55488.08,"0,3",8860754.0,=
02/05/2013,55321.93,"-1,05",5435958.0,-
30/04/2013,55910.37,"1,86",7138243.0,+
29/04/2013,54887.25,"1,17",5931100.0,+
26/04/2013,54252.04,"-1,29",4660108.0,-
25/04/2013,54963.32,"-0,04",4347735.0,=
24/04/2013,54984.23,"0,18",3949822.0,=
23/04/2013,54884.75,"1,08",5365622.0,+
22/04/2013,54297.73,"0,68",4174734.0,+
19/04/2013,53928.92,"1,44",3732925.0,+
18/04/2013,53165.91,"0,54",4554192.0,+
17/04/2013,52881.96,"-2,05",7412904.0,-
16/04/2013,53990.83,"1,97",4353830.0,+
15/04/2013,52949.93,"-3,66",4709361.0,-
12/04/2013,54962.65,"-0,79",4805703.0,-
11/04/2013,55400.91,"-1,4",3836765.0,-
10/04/2013,56186.56,"0,49",5388668.0,=
09/04/2013,55912.04,"1,49",5186246.0,+
08/04/2013,55092.31,"0,08",5504273.0,=
05/04/2013,55050.6,"0,74",5974328.0,+
04/04/2013,54648.15,"-1,65",4574061.0,-
03/04/2013,55562.74,"1,23",4480364.0,+
02/04/2013,54889.1,"-1,81",3588531.0,-
01/04/2013,55902.18,"-0,8",2755267.0,-
28/03/2013,56352.09,"0,57",4373766.0,+
27/03/2013,56034.29,"0,65",4052602.0,+
26/03/2013,55671.39,"1,45",3755199.0,+
25/03/2013,54873.12,"-0,67",3849334.0,-
22/03/2013,55243.4,"-0,6",3744374.0,-
21/03/2013,55576.67,"-0,81",4368157.0,-
20/03/2013,56030.03,"-0,59",4179146.0,-
19/03/2013,56361.24,"-1,07",3828711.0,-
18/03/2013,56972.96,"0,18",3741084.0,=
15/03/2013,56869.28,"-0,72",5182363.0,-
14/03/2013,57281.02,"-0,18",4580617.0,=
13/03/2013,57385.9,"-1,41",4536735.0,-
12/03/2013,58208.61,"-0,57",3805014.0,-
11/03/2013,58544.79,"0,19",4128986.0,=
08/03/2013,58432.75,"-0,7",4129246.0,-
07/03/2013,58846.81,"1,56",6338190.0,+
06/03/2013,57940.14,"3,56",5806077.0,+
05/03/2013,55950.73,"-0,97",4260986.0,-
04/03/2013,56499.17,"-0,68",4033748.0,-
01/03/2013,56883.99,"-0,94",3889627.0,-
28/02/2013,57424.29,"0,26",4441867.0,=
27/02/2013,57273.88,"0,57",5033941.0,+
26/02/2013,56948.87,"0,59",4510518.0,+
25/02/2013,56617.56,"-0,14",3965436.0,=
22/02/2013,56697.06,"0,97",5113801.0,+
21/02/2013,56154.68,"-0,04",4915780.0,=
20/02/2013,56177.6,"-1,98",4950272.0,-
19/02/2013,57314.4,"-0,52",3921061.0,-
18/02/2013,57613.9,"-0,5",2697253.0,=
15/02/2013,57903.3,"-0,3",3439477.0,=
14/02/2013,58077.31,"-0,56",2385104.0,-
13/02/2013,58405.74,"-0,16",2803774.0,=
08/02/2013,58497.83,"0,21",3152391.0,=
07/02/2013,58372.46,"-0,98",4071533.0,-
06/02/2013,58951.07,"-0,83",4410341.0,-
05/02/2013,59444.97,"-0,22",4429542.0,=
04/02/2013,59575.66,"-1,28",3347802.0,-
01/02/2013,60351.16,"0,99",3412494.0,+
31/01/2013,59761.49,"0,72",4749360.0,+
30/01/2013,59336.7,"-1,77",4661221.0,-
29/01/2013,60406.33,"0,63",3192615.0,+
28/01/2013,60027.07,"-1,87",3426796.0,-
24/01/2013,61169.83,"-1,29",3605176.0,-
23/01/2013,61966.26,"0,44",3209030.0,=
22/01/2013,61692.29,"-0,34",3474973.0,=
21/01/2013,61899.71,"-0,09",2143439.0,=
18/01/2013,61956.14,"-0,38",3495162.0,=
17/01/2013,62194.06,"0,66",3381904.0,+
16/01/2013,61787.35,"0,1",2789147.0,=
15/01/2013,61727.61,"-0,57",3819290.0,-
14/01/2013,62080.79,"0,95",3481431.0,+
11/01/2013,61497.43,"-0,29",3160995.0,=
10/01/2013,61678.31,"0,16",4100568.0,=
09/01/2013,61578.58,"0,74",3236422.0,+
08/01/2013,61127.84,"-1,3",3840505.0,-
07/01/2013,61932.54,"-0,94",3985839.0,-
04/01/2013,62523.06,"-1,25",6233753.0,-
03/01/2013,63312.46,"1,22",3355888.0,+
02/01/2013,62550.1,"2,62",3739727.0,+
28/12/2012,60952.08,"0,89",2625971.0,+
27/12/2012,60415.95,"-0,89",2852593.0,-
26/12/2012,60959.79,"-0,08",2598017.0,=
21/12/2012,61007.03,"-0,44",3157488.0,=
20/12/2012,61276.12,"0,46",3083356.0,=
19/12/2012,60998.34,"0,89",4427508.0,+
18/12/2012,60460.73,"1,5",4364754.0,+
17/12/2012,59566.52,"-0,06",3114311.0,=
14/12/2012,59604.92,"0,49",3405727.0,=
13/12/2012,59316.75,"-0,26",3569478.0,=
12/12/2012,59474.18,"-0,25",4749555.0,=
11/12/2012,59623.34,"0,63",3988520.0,+
10/12/2012,59248.23,"1,3",3061784.0,+
07/12/2012,58487.32,"1,44",3042435.0,+
06/12/2012,57656.42,"-0,04",3203225.0,=
05/12/2012,57678.62,"0,2",3582360.0,=
04/12/2012,57563.23,"-1,1",3937290.0,-
03/12/2012,58202.35,"1,27",3485805.0,+
30/11/2012,57474.57,"-0,65",5046935.0,-
29/11/2012,57852.53,"2,32",3401488.0,+
28/11/2012,56539.4,"0,52",3465375.0,+
27/11/2012,56248.09,"-0,86",3554245.0,-
26/11/2012,56737.1,"-1,45",2752747.0,-
23/11/2012,57574.03,"2,01",3181912.0,+
22/11/2012,56436.97,"0,35",2146160.0,=
21/11/2012,56242.12,"-0,37",3592193.0,=
19/11/2012,56450.86,"1,89",2782776.0,+
16/11/2012,55402.33,"-1,56",3471887.0,-
14/11/2012,56279.36,"-2,1",3606395.0,-
13/11/2012,57486.07,"0,74",3363357.0,+
12/11/2012,57064.31,"-0,51",2071108.0,-
09/11/2012,57357.71,"-0,29",4250447.0,=
08/11/2012,57524.45,"-1,7",3200963.0,-
07/11/2012,58517.35,"-1,58",3083977.0,-
06/11/2012,59458.59,"2,15",3470059.0,+
05/11/2012,58209.76,"-0,3",2617287.0,=
01/11/2012,58382.68,"2,3",2980114.0,+
31/10/2012,57068.18,"-1,07",2794129.0,-
30/10/2012,57683.76,"0,89",1605973.0,+
29/10/2012,57176.58,"-0,17",1709884.0,=
26/10/2012,57276.81,"-0,97",2999446.0,-
25/10/2012,57836.78,"1,18",3145587.0,+
24/10/2012,57160.74,"-0,92",2934722.0,-
23/10/2012,57690.24,"-1,72",3395593.0,-
22/10/2012,58700.3,"-0,38",2803473.0,=
19/10/2012,58922.04,"-1,36",3000158.0,-
18/10/2012,59733.9,"-0,59",3321116.0,-
17/10/2012,60087.29,"0,57",4209455.0,+
16/10/2012,59743.87,"0,24",3251082.0,=
15/10/2012,59601.71,"0,74",3119253.0,+
11/10/2012,59161.72,"1,21",2817841.0,+
10/10/2012,58456.28,"-0,82",2781581.0,-
09/10/2012,58939.46,"-0,64",3146309.0,-
08/10/2012,59317.15,"1,27",2596129.0,+
05/10/2012,58571.59,"0,19",3243755.0,=
04/10/2012,58458.0,"-0,29",3365178.0,=
03/10/2012,58627.33,"-1,0",3195669.0,-
02/10/2012,59222.08,"-0,59",3198491.0,-
01/10/2012,59570.8,"0,67",2759554.0,+
28/09/2012,59175.86,"-1,77",3690019.0,-
27/09/2012,60239.79,"-0,39",3810919.0,=
26/09/2012,60478.05,"-0,04",3139320.0,=
25/09/2012,60501.1,"-2,28",3873633.0,-
24/09/2012,61909.99,"0,96",3329704.0,+
21/09/2012,61320.07,"-0,6",2985415.0,-
20/09/2012,61687.97,"0,06",2924051.0,=
19/09/2012,61651.83,"-0,25",3391065.0,=
18/09/2012,61804.33,"-0,0",3202090.0,=
17/09/2012,61805.98,"-0,48",3903047.0,=
14/09/2012,62105.47,"0,24",5816125.0,=
13/09/2012,61958.12,"3,4",5974699.0,+
12/09/2012,59921.8,"0,84",4849843.0,+
11/09/2012,59422.55,"1,74",3854837.0,+
10/09/2012,58404.1,"0,14",3513591.0,=
06/09/2012,58321.24,"2,56",3620653.0,+
05/09/2012,56863.91,"1,12",3312927.0,+
04/09/2012,56233.9,"-1,83",3235904.0,-
03/09/2012,57281.45,"0,39",2317015.0,=
31/08/2012,57061.45,"-0,34",5747232.0,=
30/08/2012,57256.43,"-0,2",3132558.0,=
29/08/2012,57369.19,"-1,78",4106196.0,-
28/08/2012,58406.4,"0,51",2728143.0,+
27/08/2012,58111.46,"-0,54",2344216.0,-
24/08/2012,58425.76,"-0,15",3212557.0,=
23/08/2012,58511.55,"-1,46",3341946.0,-
22/08/2012,59380.76,"0,79",3708772.0,+
21/08/2012,58917.73,"-0,62",3926375.0,-
20/08/2012,59283.09,"0,34",3001152.0,=
17/08/2012,59082.37,"-0,61",2954102.0,-
16/08/2012,59445.79,"2,16",3476953.0,+
15/08/2012,58189.28,"0,18",4578146.0,=
14/08/2012,58082.92,"-1,76",3533837.0,-
13/08/2012,59122.74,"-0,27",2539244.0,=
10/08/2012,59280.93,"0,82",3079944.0,+
09/08/2012,58797.13,"-0,26",2862855.0,=
08/08/2012,58950.98,"2,12",3233289.0,+
07/08/2012,57725.66,"-1,06",3447208.0,-
06/08/2012,58344.61,"1,9",3613409.0,+
03/08/2012,57255.22,"3,12",3577415.0,+
02/08/2012,55520.4,"-1,37",2838099.0,-
01/08/2012,56291.93,"0,35",1315806.0,=
31/07/2012,56097.05,"-2,0",692076.0,-
30/07/2012,57240.92,"1,22",2965541.0,+
27/07/2012,56553.12,"4,72",4674321.0,+
26/07/2012,54002.72,"2,65",3017566.0,+
25/07/2012,52607.54,"-0,06",2216080.0,=
24/07/2012,52638.63,"-0,75",2762618.0,-
23/07/2012,53033.96,"-2,14",2807859.0,-
20/07/2012,54194.79,"-2,08",2864944.0,-
19/07/2012,55346.65,"1,4",2879123.0,+
18/07/2012,54583.13,"1,25",2296160.0,+
17/07/2012,53909.47,"0,95",2519376.0,+
16/07/2012,53401.8,"-1,71",2821735.0,-
13/07/2012,54330.51,"1,7",2784505.0,+
12/07/2012,53420.87,"-0,28",3047513.0,=
11/07/2012,53569.14,"-0,25",2970622.0,=
10/07/2012,53705.82,"-3,05",3467888.0,-
06/07/2012,55394.05,"-1,75",2701851.0,-
05/07/2012,56379.06,"0,54",3128679.0,+
04/07/2012,56076.82,"0,53",1718426.0,+
03/07/2012,55780.32,"1,99",4064440.0,+
02/07/2012,54692.79,"0,62",2874295.0,+
29/06/2012,54354.63,"3,23",3744770.0,+
28/06/2012,52652.25,"-0,86",3531606.0,-
27/06/2012,53108.93,"-1,35",3825838.0,-
26/06/2012,53836.57,"0,06",2707003.0,=
25/06/2012,53805.38,"-2,95",2160086.0,-
22/06/2012,55439.5,"-0,12",2476788.0,=
21/06/2012,55505.17,"-2,91",2601757.0,-
20/06/2012,57166.55,"-0,05",3201983.0,=
19/06/2012,57195.49,"1,78",3658725.0,+
18/06/2012,56195.21,"0,16",2960613.0,=
15/06/2012,56104.69,"1,36",3900868.0,+
14/06/2012,55351.67,"-0,54",3299181.0,-
13/06/2012,55650.51,"1,09",4187785.0,+
12/06/2012,55049.03,"1,94",3894689.0,+
11/06/2012,54001.45,"-0,79",2736544.0,-
08/06/2012,54429.85,"0,51",2627585.0,+
06/06/2012,54156.04,"3,19",3542085.0,+
05/06/2012,52481.44,"-1,75",2529926.0,-
04/06/2012,53416.75,"0,03",2359903.0,=
01/06/2012,53402.9,"-2,0",2986318.0,-
31/05/2012,54490.41,"1,29",4825926.0,+
30/05/2012,53797.91,"-1,53",3298404.0,-
29/05/2012,54633.06,"-1,05",3047913.0,-
28/05/2012,55212.69,"1,38",1857295.0,+
25/05/2012,54463.16,"0,74",2988413.0,+
24/05/2012,54063.0,"-1,02",4013743.0,-
23/05/2012,54619.48,"-0,76",4334038.0,-
22/05/2012,55038.75,"-2,74",3667316.0,-
21/05/2012,56590.24,"3,81",3569008.0,+
18/05/2012,54513.16,"0,88",4306167.0,+
17/05/2012,54038.2,"-3,31",3709839.0,-
16/05/2012,55887.57,"-0,62",4327632.0,-
15/05/2012,56237.97,"-2,26",4189266.0,-
14/05/2012,57539.61,"-3,21",3047334.0,-
11/05/2012,59445.21,"-0,43",2532359.0,=
10/05/2012,59702.05,"-0,14",2701439.0,=
09/05/2012,59786.12,"-0,96",3261646.0,-
08/05/2012,60365.48,"-1,4",3091248.0,-
07/05/2012,61220.43,"0,66",3370360.0,+
04/05/2012,60820.93,"-2,07",4961679.0,-
03/05/2012,62104.15,"-0,51",3036019.0,-
02/05/2012,62423.56,"0,98",2955512.0,+
30/04/2012,61820.26,"0,21",1963200.0,=
27/04/2012,61691.21,"-0,81",2547504.0,-
26/04/2012,62198.06,"0,72",3129987.0,+
25/04/2012,61750.38,"-0,36",3307144.0,=
24/04/2012,61971.14,"0,7",2377034.0,+
23/04/2012,61539.38,"-1,53",2533305.0,-
20/04/2012,62494.08,"-0,2",2285255.0,=
19/04/2012,62618.41,"-0,62",2358203.0,-
18/04/2012,63010.48,"0,5",4053714.0,=
17/04/2012,62698.87,"1,2",2704501.0,+
16/04/2012,61954.55,"-0,24",2316563.0,=
13/04/2012,62105.6,"-1,51",2959562.0,-
12/04/2012,63058.0,"2,88",3115740.0,+
11/04/2012,61293.14,"-0,72",2952550.0,-
10/04/2012,61738.28,"-1,88",3094030.0,-
09/04/2012,62923.21,"-1,21",1788242.0,-
05/04/2012,63691.18,"0,26",2294869.0,=
04/04/2012,63528.65,"-1,18",2739649.0,-
03/04/2012,64284.26,"-1,43",2773651.0,-
02/04/2012,65216.25,"1,09",2966513.0,+
30/03/2012,64510.97,"-0,56",3155871.0,-
29/03/2012,64871.99,"-0,32",2895573.0,=
28/03/2012,65079.34,"-1,45",2882907.0,-
27/03/2012,66037.35,"-0,97",2723035.0,-
26/03/2012,66684.59,"1,32",2010898.0,+
23/03/2012,65812.95,"-0,02",2524800.0,=
22/03/2012,65828.19,"-1,54",2676130.0,-
21/03/2012,66860.05,"-0,65",1981044.0,-
20/03/2012,67295.56,"-0,64",2071435.0,-
19/03/2012,67730.31,"0,07",2143696.0,=
16/03/2012,67684.13,"-0,1",2408587.0,=
15/03/2012,67749.49,"-0,74",2295250.0,-
14/03/2012,68257.22,"-0,2",2732797.0,=
13/03/2012,68394.33,"3,03",3165113.0,+
12/03/2012,66384.76,"-0,48",2149750.0,=
09/03/2012,66703.96,"-0,31",2253591.0,=
08/03/2012,66908.39,"1,35",2890830.0,+
07/03/2012,66016.76,"1,39",2683350.0,+
06/03/2012,65114.15,"-2,76",2742697.0,-
05/03/2012,66964.03,"-1,21",2315726.0,-
02/03/2012,67781.6,"1,45",2557047.0,+
01/03/2012,66809.8,"1,52",2328728.0,+
29/02/2012,65811.73,"-0,22",3345462.0,=
28/02/2012,65958.78,"1,1",2716936.0,+
27/02/2012,65241.49,"-1,06",2226005.0,-
24/02/2012,65942.73,"0,19",2119883.0,=
23/02/2012,65819.62,"-0,41",2322891.0,=
22/02/2012,66092.77,"-0,17",1791403.0,=
17/02/2012,66203.5,"0,09",2352682.0,=
16/02/2012,66141.7,"1,18",3068406.0,+
15/02/2012,65368.49,"0,51",3825460.0,+
14/02/2012,65038.53,"-0,99",2738162.0,-
13/02/2012,65691.53,"2,65",2619156.0,+
10/02/2012,63997.86,"-2,34",3501357.0,-
09/02/2012,65530.49,"-0,46",2688321.0,=
08/02/2012,65831.16,"-0,13",2887044.0,=
07/02/2012,65917.02,"1,06",2722074.0,+
06/02/2012,65223.72,"0,01",1919631.0,=
03/02/2012,65217.37,"0,97",3059733.0,+
02/02/2012,64593.1,"0,04",3107652.0,=
01/02/2012,64567.18,"2,37",3904037.0,+
31/01/2012,63072.31,"0,48",3437747.0,=
30/01/2012,62770.01,"-0,21",2197624.0,=
27/01/2012,62904.2,"-0,08",2218192.0,=
26/01/2012,62953.06,"0,75",3173910.0,+
24/01/2012,62486.22,"0,16",2731030.0,=
23/01/2012,62386.24,"0,12",2375963.0,=
20/01/2012,62312.13,"0,62",2246306.0,+
19/01/2012,61926.69,"0,33",2843393.0,=
18/01/2012,61722.86,"1,78",2757887.0,+
17/01/2012,60645.9,"1,15",2524194.0,+
16/01/2012,59956.46,"1,37",1704951.0,+
13/01/2012,59146.58,"-1,29",5624218.0,-
12/01/2012,59920.78,"-0,07",2145549.0,=
11/01/2012,59962.4,"0,26",2245201.0,=
10/01/2012,59805.96,"1,22",2689228.0,+
09/01/2012,59082.88,"0,82",2244556.0,+
06/01/2012,58600.37,"0,09",1659182.0,=
05/01/2012,58546.08,"-1,38",2351139.0,-
04/01/2012,59364.95,"0,17",2251949.0,=
03/01/2012,59264.87,"2,48",3083028.0,+
02/01/2012,57829.27,"1,89",2614590.0,+
29/12/2011,56754.08,"0,39",2779117.0,=
28/12/2011,56533.76,"-2,54",1611964.0,-
27/12/2011,58005.2,"0,58",1616513.0,+
26/12/2011,57669.48,"-0,05",592754.0,=
23/12/2011,57701.07,"0,62",1767151.0,+
22/12/2011,57347.87,"1,23",2288998.0,+
21/12/2011,56653.37,"-0,37",2264347.0,=
20/12/2011,56864.85,"2,83",3232962.0,+
19/12/2011,55298.33,"-1,42",2833344.0,-
16/12/2011,56096.93,"-0,42",2440004.0,=
15/12/2011,56331.15,"-0,56",2605740.0,-
14/12/2011,56646.87,"-1,47",4140430.0,-
13/12/2011,57494.85,"0,26",2901266.0,=
12/12/2011,57346.86,"-1,53",2502187.0,-
09/12/2011,58236.46,"1,36",1946338.0,+
08/12/2011,57455.02,"-2,06",2720859.0,-
07/12/2011,58662.83,"-1,47",2171829.0,-
06/12/2011,59536.16,"1,06",2178086.0,+
05/12/2011,58910.48,"1,77",2535273.0,+
02/12/2011,57885.85,"-0,44",2985531.0,=
01/12/2011,58143.42,"2,23",3296961.0,+
30/11/2011,56874.98,"2,85",4892999.0,+
29/11/2011,55299.76,"-1,28",2821987.0,-
28/11/2011,56017.35,"2,05",2271094.0,+
25/11/2011,54894.49,"-0,7",1814907.0,-
24/11/2011,55279.88,"0,56",1410281.0,+
23/11/2011,54972.08,"-1,62",2429415.0,-
22/11/2011,55878.44,"-0,72",2681651.0,-
21/11/2011,56284.59,"-0,79",2894760.0,-
18/11/2011,56731.34,"-0,45",2297113.0,=
17/11/2011,56988.9,"-2,68",3054647.0,-
16/11/2011,58559.99,"0,52",2703813.0,+
14/11/2011,58258.23,"-0,49",1790941.0,=
11/11/2011,58546.97,"2,14",2136492.0,+
10/11/2011,57321.81,"-0,4",1959002.0,=
09/11/2011,57549.74,"-2,5",2622941.0,-
08/11/2011,59026.13,"-0,29",1933980.0,=
07/11/2011,59198.77,"0,9",1869342.0,+
04/11/2011,58669.92,"0,81",1946528.0,+
03/11/2011,58196.3,"1,52",2445736.0,+
01/11/2011,57322.75,"-1,74",2827661.0,-
31/10/2011,58338.39,"-1,97",2257976.0,-
28/10/2011,59513.13,"0,41",2388056.0,=
27/10/2011,59270.13,"3,72",3665751.0,+
26/10/2011,57143.79,"1,52",2172483.0,+
25/10/2011,56285.99,"-1,07",2262826.0,-
24/10/2011,56891.97,"2,96",2655999.0,+
21/10/2011,55255.23,"2,31",2151102.0,+
20/10/2011,54009.98,"-1,74",2282791.0,-
19/10/2011,54966.13,"-0,12",2430756.0,=
18/10/2011,55031.93,"2,08",2539952.0,+
17/10/2011,53911.33,"-2,03",2366139.0,-
14/10/2011,55030.45,"0,79",2323257.0,+
13/10/2011,54601.07,"1,42",3574120.0,+
11/10/2011,53838.47,"1,06",2845461.0,+
10/10/2011,53273.11,"3,96",2180533.0,+
07/10/2011,51243.62,"-2,0",2627160.0,-
06/10/2011,52290.37,"2,5",3145694.0,+
05/10/2011,51013.85,"0,65",2830308.0,+
04/10/2011,50686.34,"-0,21",4038795.0,=
03/10/2011,50791.53,"-2,93",3112446.0,-
30/09/2011,52324.42,"-1,99",3072618.0,-
29/09/2011,53384.67,"0,21",2304826.0,=
28/09/2011,53270.36,"-1,21",2340816.0,-
27/09/2011,53920.36,"0,32",2454194.0,=
26/09/2011,53747.52,"0,97",2143239.0,+
23/09/2011,53230.36,"-0,09",2689194.0,=
22/09/2011,53280.28,"-4,83",3603686.0,-
21/09/2011,55981.9,"-0,7",2777076.0,-
20/09/2011,56378.63,"-1,27",2677092.0,-
19/09/2011,57102.78,"-0,19",2328212.0,=
16/09/2011,57210.11,"1,47",1969970.0,+
15/09/2011,56381.46,"0,17",2136717.0,=
14/09/2011,56286.04,"1,34",2836275.0,+
13/09/2011,55543.97,"-0,25",2099358.0,=
12/09/2011,55685.47,"-0,17",2376205.0,=
09/09/2011,55778.39,"-3,2",2481841.0,-
08/09/2011,57623.63,"1,8",2757015.0,+
06/09/2011,56607.3,"2,93",2846808.0,+
05/09/2011,54998.41,"-2,71",1609056.0,-
02/09/2011,56531.62,"-2,73",4013572.0,-
01/09/2011,58118.2,"2,87",4013572.0,+
31/08/2011,56495.12,"2,0",2940099.0,+
30/08/2011,55385.03,"0,96",2343417.0,+
29/08/2011,54860.73,"2,83",2293735.0,+
26/08/2011,53350.79,"0,75",2222969.0,+
25/08/2011,52953.3,"-1,57",2381150.0,-
24/08/2011,53795.7,"0,02",2492289.0,=
23/08/2011,53786.63,"2,57",2679043.0,+
22/08/2011,52440.23,"-0,01",2140804.0,=
19/08/2011,52447.63,"-1,29",2577282.0,-
18/08/2011,53134.1,"-3,52",3120409.0,-
17/08/2011,55073.02,"1,38",3160628.0,+
16/08/2011,54323.61,"-0,6",2464550.0,-
15/08/2011,54651.83,"2,2",2540570.0,+
12/08/2011,53473.35,"0,24",3269783.0,=
11/08/2011,53343.11,"3,79",4065977.0,+
10/08/2011,51395.29,"0,48",4358755.0,=
09/08/2011,51150.9,"5,1",5268210.0,+
08/08/2011,48668.29,"-8,08",4894698.0,-
05/08/2011,52949.22,"0,26",4320575.0,=
04/08/2011,52811.36,"-5,72",4455458.0,-
03/08/2011,56017.22,"-2,26",3491700.0,-
02/08/2011,57310.78,"-2,09",2696152.0,-
01/08/2011,58535.74,"-0,49",2109354.0,=
29/07/2011,58823.45,"0,2",2366335.0,=
28/07/2011,58708.25,"0,72",2234092.0,+
27/07/2011,58288.46,"-1,77",2618993.0,-
26/07/2011,59339.9,"-1,05",2174791.0,-
25/07/2011,59970.54,"-0,5",1772309.0,=
22/07/2011,60270.47,"0,01",1809502.0,=
21/07/2011,60262.95,"1,93",2159688.0,+
20/07/2011,59119.71,"0,06",1945981.0,=
19/07/2011,59082.13,"0,42",1887986.0,=
18/07/2011,58837.61,"-1,08",1956430.0,-
15/07/2011,59478.01,"-0,34",1960244.0,=
14/07/2011,59679.35,"-1,63",2363357.0,-
13/07/2011,60669.89,"1,62",2284285.0,+
12/07/2011,59704.75,"-0,86",1946119.0,-
11/07/2011,60223.63,"-2,1",1773239.0,-
08/07/2011,61513.24,"-1,12",1670580.0,-
07/07/2011,62207.33,"-0,57",1865009.0,-
06/07/2011,62565.46,"-0,75",1612562.0,-
05/07/2011,63038.81,"-1,33",1937720.0,-
04/07/2011,63891.31,"0,78",1000477.0,+
01/07/2011,63394.34,"1,59",2376269.0,+
30/06/2011,62403.64,"0,11",1813944.0,=
29/06/2011,62333.97,"0,05",1873400.0,=
28/06/2011,62303.37,"1,77",1796350.0,+
27/06/2011,61216.98,"0,33",1633908.0,=
24/06/2011,61016.72,"-0,29",1449055.0,=
22/06/2011,61194.09,"-0,37",1863451.0,=
21/06/2011,61423.61,"0,42",1696673.0,=
20/06/2011,61168.24,"0,18",2019741.0,=
17/06/2011,61059.98,"0,29",1974677.0,=
16/06/2011,60880.62,"-1,17",1991098.0,-
15/06/2011,61603.74,"-0,97",2668099.0,-
14/06/2011,62204.83,"0,29",1762363.0,=
13/06/2011,62022.92,"-1,08",1397132.0,-
10/06/2011,62697.16,"-1,22",1688260.0,-
09/06/2011,63468.82,"0,69",1946852.0,+
08/06/2011,63032.97,"-0,29",1805869.0,=
07/06/2011,63217.85,"0,24",2089604.0,=
06/06/2011,63067.73,"-1,98",1822344.0,-
03/06/2011,64340.5,"0,19",2155887.0,=
02/06/2011,64218.08,"1,27",2135610.0,+
01/06/2011,63411.48,"-1,87",2158244.0,-
31/05/2011,64620.08,"1,04",2428456.0,+
30/05/2011,63953.93,"-0,53",629037.0,-
27/05/2011,64294.96,"0,31",1672062.0,=
26/05/2011,64098.57,"1,12",2397030.0,+
25/05/2011,63388.44,"0,08",1918542.0,=
24/05/2011,63336.75,"1,59",2006315.0,+
23/05/2011,62345.18,"-0,4",1767696.0,=
20/05/2011,62596.52,"0,37",2087015.0,=
19/05/2011,62367.36,"-0,75",2291225.0,-
18/05/2011,62840.61,"-1,31",2488059.0,-
17/05/2011,63673.34,"1,34",2210780.0,+
16/05/2011,62829.68,"-0,64",2459595.0,-
13/05/2011,63235.3,"-1,2",2667458.0,-
12/05/2011,64003.16,"0,36",2486840.0,=
11/05/2011,63775.82,"-1,7",2458499.0,-
10/05/2011,64876.88,"0,39",1982579.0,=
09/05/2011,64621.97,"0,32",1880818.0,=
06/05/2011,64417.34,"1,59",2689928.0,+
05/05/2011,63407.01,"-0,33",2806009.0,=
04/05/2011,63615.5,"-1,09",2490020.0,-
03/05/2011,64318.18,"-1,75",2235405.0,-
02/05/2011,65462.75,"-1,01",2306707.0,-
29/04/2011,66132.86,"0,7",2645050.0,+
28/04/2011,65673.21,"-0,89",3089995.0,-
27/04/2011,66264.47,"-1,31",2151251.0,-
26/04/2011,67144.26,"0,26",1726521.0,=
25/04/2011,66972.37,"-0,13",1385814.0,=
20/04/2011,67058.02,"1,36",2397399.0,+
19/04/2011,66158.09,"1,14",2214365.0,+
18/04/2011,65415.49,"-1,9",3060398.0,-
15/04/2011,66684.21,"0,61",2145721.0,+
14/04/2011,66278.89,"-0,31",2258980.0,=
13/04/2011,66486.49,"-0,61",2515208.0,-
12/04/2011,66896.23,"-1,86",2525736.0,-
11/04/2011,68164.36,"-0,81",2173871.0,-
08/04/2011,68718.01,"-0,66",2111494.0,-
07/04/2011,69176.12,"0,2",2223737.0,=
06/04/2011,69036.91,"-1,15",2113720.0,-
05/04/2011,69837.52,"0,19",2483424.0,=
04/04/2011,69703.8,"0,63",1923536.0,+
01/04/2011,69268.29,"0,99",2397413.0,+
31/03/2011,68586.7,"0,87",2124421.0,+
30/03/2011,67997.06,"0,86",1859841.0,+
29/03/2011,67418.76,"0,34",1768164.0,=
28/03/2011,67192.82,"-0,85",1444372.0,-
25/03/2011,67765.94,"0,34",2223711.0,=
24/03/2011,67532.97,"-0,39",1819711.0,=
23/03/2011,67795.51,"0,32",2145658.0,=
22/03/2011,67578.33,"1,33",2357859.0,+
21/03/2011,66689.61,"-0,28",2557364.0,=
18/03/2011,66879.89,"1,0",2842709.0,+
17/03/2011,66215.93,"0,32",1984940.0,=
16/03/2011,66002.57,"-1,5",3056842.0,-
15/03/2011,67005.22,"-0,24",2852274.0,=
14/03/2011,67169.25,"0,73",1874220.0,+
11/03/2011,66684.6,"0,98",2491096.0,+
10/03/2011,66040.66,"-1,82",2375086.0,-
09/03/2011,67263.75,"-1,1",1407598.0,-
04/03/2011,68012.1,"-0,2",1839999.0,=
03/03/2011,68145.53,"1,28",2254558.0,+
02/03/2011,67281.51,"1,57",2518555.0,+
01/03/2011,66242.63,"-1,69",2166393.0,-
28/02/2011,67383.22,"0,72",2640306.0,+
25/02/2011,66902.53,"-0,07",2394642.0,=
24/02/2011,66948.99,"0,06",2699114.0,=
23/02/2011,66910.48,"0,71",3334934.0,+
22/02/2011,66439.83,"-1,22",3045347.0,-
21/02/2011,67258.66,"-1,19",1452915.0,-
18/02/2011,68066.82,"0,56",1944043.0,+
17/02/2011,67684.99,"0,16",2147866.0,=
16/02/2011,67576.0,"1,86",2672366.0,+
15/02/2011,66341.39,"-0,32",2355469.0,=
14/02/2011,66557.55,"1,22",1945022.0,+
11/02/2011,65755.66,"1,82",2396458.0,+
10/02/2011,64577.83,"0,56",2356354.0,+
09/02/2011,64217.52,"-2,36",2811346.0,-
08/02/2011,65771.33,"0,63",2763937.0,+
07/02/2011,65362.04,"0,14",1980431.0,=
04/02/2011,65269.15,"-2,24",2676732.0,-
03/02/2011,66764.84,"0,11",2380785.0,=
02/02/2011,66688.48,"-1,71",2551420.0,-
01/02/2011,67847.34,"1,91",2114052.0,+
31/01/2011,66574.88,"-0,18",2253833.0,=
28/01/2011,66697.57,"-1,99",2544030.0,-
27/01/2011,68050.71,"-0,96",2304361.0,-
26/01/2011,68709.22,"-1,03",2542472.0,-
24/01/2011,69426.57,"0,42",1474487.0,=
21/01/2011,69133.09,"-0,62",2071797.0,-
20/01/2011,69561.53,"-0,71",2169624.0,-
19/01/2011,70058.08,"-1,21",1884793.0,-
18/01/2011,70919.75,"0,44",1877411.0,=
17/01/2011,70609.07,"-0,47",1538533.0,=
14/01/2011,70940.22,"0,31",1806690.0,=
13/01/2011,70721.44,"-1,27",2237712.0,-
12/01/2011,71632.9,"1,72",2516090.0,+
11/01/2011,70423.44,"0,42",2138029.0,=
10/01/2011,70127.04,"0,1",1610794.0,=
07/01/2011,70057.2,"-0,74",1761075.0,-
06/01/2011,70578.83,"-0,72",2546050.0,-
05/01/2011,71091.03,"1,1",2309214.0,+
04/01/2011,70317.79,"0,51",2427239.0,+
03/01/2011,69962.32,"0,95",1862319.0,+
30/12/2010,69304.81,"0,51",2102150.0,+
29/12/2010,68952.42,"1,34",1307736.0,+
28/12/2010,68040.94,"0,35",1401128.0,=
27/12/2010,67803.16,"-1,0",1035361.0,-
23/12/2010,68485.96,"0,02",1229309.0,=
22/12/2010,68470.76,"0,38",1656716.0,=
21/12/2010,68214.86,"1,41",1897474.0,+
20/12/2010,67263.6,"-1,06",2352883.0,-
17/12/2010,67981.22,"1,0",1983767.0,+
16/12/2010,67306.39,"-0,83",2401358.0,-
15/12/2010,67870.14,"-1,27",1348149.0,-
14/12/2010,68742.97,"-0,55",1875339.0,-
13/12/2010,69126.32,"1,15",2462610.0,+
10/12/2010,68341.83,"0,68",2807660.0,+
09/12/2010,67879.46,"-0,43",2447138.0,=
08/12/2010,68174.92,"-1,68",2671548.0,-
07/12/2010,69337.64,"-0,31",2592247.0,=
06/12/2010,69551.81,"-0,31",1888791.0,=
03/12/2010,69766.09,"0,34",2828009.0,=
02/12/2010,69527.07,"0,26",2111850.0,=
01/12/2010,69345.85,"2,42",2090526.0,+
30/11/2010,67705.4,"-0,3",2159187.0,=
29/11/2010,67908.18,"-0,47",1777899.0,=
26/11/2010,68226.1,"-1,64",1564895.0,-
25/11/2010,69361.63,"-0,38",981629.0,=
24/11/2010,69629.36,"2,47",1990594.0,+
23/11/2010,67952.55,"-2,41",2080630.0,-
22/11/2010,69632.5,"-1,78",1739160.0,-
19/11/2010,70897.9,"0,16",1506445.0,=
18/11/2010,70781.4,"1,54",1881660.0,+
17/11/2010,69708.63,"0,75",1991540.0,+
16/11/2010,69192.41,"-1,67",2240756.0,-
12/11/2010,70367.15,"-1,16",1188518.0,-
11/11/2010,71195.16,"-0,62",1353239.0,-
10/11/2010,71638.38,"-0,06",1485238.0,=
09/11/2010,71679.47,"-1,35",1505086.0,-
08/11/2010,72657.37,"0,07",1077555.0,=
05/11/2010,72606.58,"-0,53",1732044.0,-
04/11/2010,72995.69,"1,52",2175808.0,+
03/11/2010,71904.77,"0,48",2145867.0,=
01/11/2010,71560.93,"1,26",1555039.0,+
29/10/2010,70673.3,"0,5",2208789.0,=
28/10/2010,70320.13,"-0,35",2230107.0,=
27/10/2010,70568.94,"-0,24",2202523.0,=
26/10/2010,70740.39,"1,67",2576738.0,+
25/10/2010,69580.28,"0,07",3836064.0,=
22/10/2010,69529.73,"-0,18",2421553.0,=
21/10/2010,69652.1,"-1,07",2587885.0,-
20/10/2010,70404.68,"0,77",2407218.0,+
19/10/2010,69863.58,"-2,61",2495212.0,-
18/10/2010,71735.53,"-0,13",2111651.0,=
15/10/2010,71830.18,"0,19",2015231.0,=
14/10/2010,71692.29,"0,02",2633091.0,=
13/10/2010,71674.9,"1,03",2984950.0,+
11/10/2010,70946.49,"0,19",1169065.0,=
08/10/2010,70808.8,"1,27",2135986.0,+
07/10/2010,69918.4,"-0,88",2587232.0,-
06/10/2010,70541.37,"-1,04",2780680.0,-
05/10/2010,71283.11,"1,28",2713072.0,+
04/10/2010,70384.92,"0,22",1876733.0,=
01/10/2010,70229.35,"1,15",2452533.0,+
30/09/2010,69429.78,"0,29",2466216.0,=
29/09/2010,69228.24,"0,0",3067165.0,=
28/09/2010,69227.63,"0,6",1851862.0,+
27/09/2010,68815.97,"0,91",2138688.0,+
24/09/2010,68196.48,"-0,87",3440901.0,-
23/09/2010,68794.32,"0,69",3305114.0,+
22/09/2010,68325.18,"0,89",2495279.0,+
21/09/2010,67719.13,"-0,69",1734033.0,-
20/09/2010,68190.46,"1,64",1775119.0,+
17/09/2010,67089.12,"-0,85",1629319.0,-
16/09/2010,67662.99,"-0,65",1464316.0,-
15/09/2010,68106.85,"0,61",2234285.0,+
14/09/2010,67691.85,"-0,5",2593904.0,=
13/09/2010,68030.58,"1,83",2144479.0,+
10/09/2010,66806.79,"0,27",1560919.0,=
09/09/2010,66624.1,"0,33",1438814.0,=
08/09/2010,66407.28,"-0,51",1716026.0,-
06/09/2010,66747.3,"0,1",651477.0,=
03/09/2010,66678.62,"-0,19",2019168.0,=
02/09/2010,66808.08,"-0,39",1601180.0,=
01/09/2010,67072.53,"2,96",2508944.0,+
31/08/2010,65145.45,"1,38",3284717.0,+
30/08/2010,64260.79,"-2,02",1286303.0,-
27/08/2010,65585.14,"2,69",1763996.0,+
26/08/2010,63867.48,"-1,44",1773419.0,-
25/08/2010,64803.43,"-0,54",1753070.0,-
24/08/2010,65156.36,"-1,25",1604109.0,-
23/08/2010,65981.86,"-1,04",1379537.0,-
20/08/2010,66677.16,"-0,31",1414659.0,=
19/08/2010,66887.13,"-1,11",1919910.0,-
18/08/2010,67638.38,"0,08",2366906.0,=
17/08/2010,67583.77,"1,32",1746972.0,+
16/08/2010,66701.89,"0,66",1394722.0,+
13/08/2010,66264.43,"0,45",1841109.0,=
12/08/2010,65966.17,"0,27",1546628.0,=
11/08/2010,65790.29,"-2,13",1732804.0,-
10/08/2010,67223.23,"-0,94",1625491.0,-
09/08/2010,67862.28,"-0,34",1254734.0,=
06/08/2010,68094.76,"-0,46",1513178.0,=
05/08/2010,68411.72,"0,2",1611595.0,=
04/08/2010,68272.0,"0,4",1875265.0,=
03/08/2010,67997.36,"-0,76",1900007.0,-
02/08/2010,68517.46,"1,48",1766595.0,+
30/07/2010,67515.4,"0,84",2088428.0,+
29/07/2010,66953.83,"0,22",2160222.0,=
28/07/2010,66808.25,"0,2",1939328.0,=
27/07/2010,66674.44,"0,35",1601854.0,=
26/07/2010,66443.26,"0,18",1234446.0,=
23/07/2010,66322.99,"0,87",1539937.0,+
22/07/2010,65748.1,"1,97",2320652.0,+
21/07/2010,64476.84,"0,02",1821860.0,=
20/07/2010,64462.5,"1,84",2429412.0,+
19/07/2010,63297.04,"1,54",1276401.0,+
16/07/2010,62339.27,"-1,81",1326413.0,-
15/07/2010,63489.37,"0,02",1564848.0,=
14/07/2010,63479.46,"-0,32",1450336.0,=
13/07/2010,63685.56,"1,15",1583746.0,+
12/07/2010,62960.1,"-0,81",1229061.0,-
08/07/2010,63476.32,"0,3",1657985.0,=
07/07/2010,63283.8,"1,96",1732165.0,+
06/07/2010,62064.75,"1,97",1786519.0,+
05/07/2010,60865.27,"-0,92",759929.0,-
02/07/2010,61429.79,"0,32",1143809.0,=
01/07/2010,61236.2,"0,49",2129991.0,=
30/06/2010,60935.9,"-1,68",1958301.0,-
29/06/2010,61977.91,"-3,5",2196054.0,-
28/06/2010,64225.22,"-0,92",943297.0,-
25/06/2010,64823.83,"1,39",1257216.0,+
24/06/2010,63936.7,"-1,88",1786445.0,-
23/06/2010,65160.33,"0,54",1762276.0,+
22/06/2010,64810.62,"-0,03",1931720.0,=
21/06/2010,64829.03,"0,61",1622989.0,+
18/06/2010,64437.58,"-0,16",1871818.0,=
17/06/2010,64540.91,"-0,32",1888753.0,=
16/06/2010,64750.71,"0,48",2440953.0,=
15/06/2010,64442.27,"1,43",1267225.0,+
14/06/2010,63532.85,"-0,11",1793684.0,=
11/06/2010,63605.38,"0,88",1345775.0,+
10/06/2010,63048.8,"2,55",1717034.0,+
09/06/2010,61478.61,"-0,51",1736354.0,-
08/06/2010,61793.64,"1,0",1605117.0,+
07/06/2010,61182.92,"-0,8",1626954.0,-
04/06/2010,61675.75,"-2,01",1691017.0,-
02/06/2010,62942.91,"1,78",1878413.0,+
01/06/2010,61840.99,"-1,91",2253854.0,-
31/05/2010,63046.51,"1,77",1197655.0,+
28/05/2010,61946.99,"-0,23",2081579.0,=
27/05/2010,62091.77,"3,16",2387981.0,+
26/05/2010,60190.36,"1,7",3638612.0,+
25/05/2010,59184.08,"-1,22",2477879.0,-
24/05/2010,59915.14,"-0,57",1792679.0,-
21/05/2010,60259.33,"3,55",2558270.0,+
20/05/2010,58192.08,"-2,51",3369255.0,-
19/05/2010,59689.32,"-1,89",3203035.0,-
18/05/2010,60841.08,"-3,22",2786993.0,-
17/05/2010,62866.26,"-0,86",2745965.0,-
14/05/2010,63412.47,"-2,12",2220764.0,-
13/05/2010,64788.22,"-0,67",1798126.0,-
12/05/2010,65223.63,"1,24",1981424.0,+
11/05/2010,64424.89,"-1,57",2401506.0,-
10/05/2010,65452.68,"4,11",2377439.0,+
07/05/2010,62870.88,"-0,86",2903498.0,-
06/05/2010,63414.22,"-2,31",3207628.0,-
05/05/2010,64914.17,"0,07",2681289.0,=
04/05/2010,64869.32,"-3,35",2820097.0,-
03/05/2010,67119.41,"-0,61",1776099.0,-
30/04/2010,67529.73,"-0,66",2120201.0,-
29/04/2010,67978.05,"1,98",1609398.0,+
28/04/2010,66655.71,"0,22",1855508.0,=
27/04/2010,66511.1,"-3,43",2062173.0,-
26/04/2010,68871.94,"-0,92",1179358.0,-
23/04/2010,69509.49,"0,18",1366825.0,=
22/04/2010,69386.41,"0,1",1787153.0,=
20/04/2010,69318.44,"0,32",1750232.0,=
19/04/2010,69097.58,"-0,47",1721901.0,=
16/04/2010,69421.35,"-1,56",2043756.0,-
15/04/2010,70524.35,"-0,72",2264690.0,-
14/04/2010,71034.85,"0,34",1758801.0,=
13/04/2010,70792.4,"0,25",1634235.0,=
12/04/2010,70614.36,"-1,12",1471544.0,-
09/04/2010,71417.27,"-0,51",1679943.0,-
08/04/2010,71784.77,"1,4",1701792.0,+
07/04/2010,70792.94,"-0,43",1720487.0,=
06/04/2010,71095.65,"-0,27",1696930.0,=
05/04/2010,71289.68,"0,22",1315908.0,=
01/04/2010,71136.34,"1,09",1552732.0,+
31/03/2010,70371.54,"0,59",1676781.0,+
30/03/2010,69959.58,"0,03",1490014.0,=
29/03/2010,69939.12,"1,83",1528017.0,+
26/03/2010,68682.66,"0,35",1771487.0,=
25/03/2010,68441.66,"-0,68",1478365.0,-
24/03/2010,68913.4,"-0,68",1597471.0,-
23/03/2010,69386.72,"0,5",1606596.0,=
22/03/2010,69041.73,"0,31",1395190.0,=
19/03/2010,68828.98,"-1,25",1957343.0,-
18/03/2010,69697.33,"-0,04",1656113.0,=
17/03/2010,69723.23,"-0,31",1372092.0,=
16/03/2010,69942.2,"1,33",1302335.0,+
15/03/2010,69023.75,"-0,46",1453049.0,=
12/03/2010,69341.38,"-0,78",1569016.0,-
11/03/2010,69884.61,"-0,14",1627260.0,=
10/03/2010,69979.27,"0,58",1909259.0,+
09/03/2010,69576.38,"1,46",2464129.0,+
08/03/2010,68575.47,"-0,39",1428165.0,=
05/03/2010,68846.5,"1,52",1950680.0,+
04/03/2010,67814.7,"0,26",1398526.0,=
03/03/2010,67641.34,"-0,2",2113768.0,=
02/03/2010,67779.16,"0,82",1708568.0,+
01/03/2010,67227.93,"1,09",1363054.0,+
26/02/2010,66503.27,"0,58",1731428.0,+
25/02/2010,66121.04,"0,5",1792218.0,=
24/02/2010,65794.77,"-0,47",1572916.0,=
23/02/2010,66108.33,"-1,6",1644758.0,-
22/02/2010,67184.16,"-0,61",1401544.0,-
19/02/2010,67597.43,"-0,35",1248066.0,=
18/02/2010,67836.08,"0,82",1286555.0,+
17/02/2010,67284.56,"2,17",1043254.0,+
12/02/2010,65854.97,"-0,41",873282.0,=
11/02/2010,66128.94,"1,66",1259008.0,+
10/02/2010,65051.42,"0,51",891043.0,+
09/02/2010,64718.17,"2,48",1357369.0,+
08/02/2010,63153.09,"0,62",1875631.0,+
05/02/2010,62762.7,"-1,83",3053037.0,-
04/02/2010,63934.01,"-4,73",2262324.0,-
03/02/2010,67108.55,"-0,08",1764967.0,=
02/02/2010,67163.2,"0,89",1587700.0,+
01/02/2010,66571.73,"1,79",1494385.0,+
29/01/2010,65401.77,"-0,28",1823112.0,=
28/01/2010,65587.8,"0,8",1649433.0,+
27/01/2010,65069.79,"-0,69",1813642.0,-
26/01/2010,65523.73,"-1,05",1990495.0,-
22/01/2010,66220.04,"-0,08",1304991.0,=
21/01/2010,66270.13,"-2,83",2263813.0,-
20/01/2010,68200.06,"-2,44",1990502.0,-
19/01/2010,69908.59,"0,73",1323300.0,+
18/01/2010,69400.93,"0,61",1138938.0,+
15/01/2010,68978.3,"-1,18",1648321.0,-
14/01/2010,69801.41,"-0,83",1830153.0,-
13/01/2010,70385.47,"0,44",1818770.0,=
12/01/2010,70075.77,"-0,51",1628618.0,-
11/01/2010,70433.48,"0,24",1569070.0,=
08/01/2010,70262.7,"-0,27",1634483.0,=
07/01/2010,70451.12,"-0,39",1554951.0,=
06/01/2010,70729.34,"0,7",2243625.0,+
05/01/2010,70239.81,"0,28",1984118.0,=
04/01/2010,70045.08,"2,12",1655464.0,+
30/12/2009,68588.41,"0,43",1182192.0,=
29/12/2009,68296.04,"0,58",669245.0,+
28/12/2009,67901.7,"0,46",556350.0,=
23/12/2009,67588.86,"0,25",904334.0,=
22/12/2009,67417.93,"2,26",1272545.0,+
21/12/2009,65925.19,"-1,3",1405961.0,-
18/12/2009,66794.2,"-0,41",1075194.0,=
17/12/2009,67067.95,"-2,27",1339479.0,-
16/12/2009,68622.4,"-0,99",1710059.0,-
15/12/2009,69310.8,"-0,06",1284157.0,=
14/12/2009,69349.4,"0,12",1293992.0,=
11/12/2009,69267.47,"0,78",1489663.0,+
10/12/2009,68728.29,"1,05",1473212.0,+
09/12/2009,68011.98,"0,42",1141393.0,=
08/12/2009,67728.51,"-1,14",1549974.0,-
07/12/2009,68512.19,"1,34",1186259.0,+
04/12/2009,67603.52,"-1,04",1410502.0,-
03/12/2009,68314.81,"-0,44",1223356.0,=
02/12/2009,68614.79,"0,3",1361984.0,=
01/12/2009,68408.4,"2,03",2326490.0,+
30/11/2009,67044.44,"-0,06",2224888.0,=
27/11/2009,67082.15,"1,04",1171959.0,+
26/11/2009,66391.8,"-2,25",825671.0,-
25/11/2009,67917.08,"0,89",1385352.0,+
24/11/2009,67317.0,"0,76",1347902.0,+
23/11/2009,66809.4,"0,73",1582671.0,+
19/11/2009,66327.27,"-0,28",1466941.0,=
18/11/2009,66515.66,"-1,32",1591932.0,-
17/11/2009,67405.98,"1,17",1733722.0,+
16/11/2009,66627.09,"1,99",1757755.0,+
13/11/2009,65325.63,"1,36",1859089.0,+
12/11/2009,64447.93,"-2,99",1914439.0,-
11/11/2009,66431.23,"0,19",1807794.0,=
10/11/2009,66303.48,"0,13",1652099.0,=
09/11/2009,66214.34,"2,71",1599724.0,+
06/11/2009,64466.13,"-0,54",1659025.0,-
05/11/2009,64815.72,"1,41",1575682.0,+
04/11/2009,63912.57,"2,03",1891241.0,+
03/11/2009,62643.23,"1,78",1902618.0,+
30/10/2009,61545.5,"-3,41",1996298.0,-
29/10/2009,63720.58,"5,91",1747786.0,+
28/10/2009,60162.31,"-4,75",2238892.0,-
27/10/2009,63161.04,"-2,96",1499144.0,-
26/10/2009,65085.55,"0,04",1380413.0,=
23/10/2009,65058.84,"-1,63",1393765.0,-
22/10/2009,66134.97,"0,99",1273136.0,+
21/10/2009,65485.59,"0,28",1792607.0,=
20/10/2009,65303.11,"-2,88",2649278.0,-
19/10/2009,67239.45,"1,57",1402172.0,+
16/10/2009,66200.48,"-0,75",1484680.0,-
15/10/2009,66703.31,"0,76",1328374.0,+
14/10/2009,66201.13,"2,41",2096417.0,+
13/10/2009,64645.59,"0,9",1190635.0,+
09/10/2009,64071.01,"0,49",1153002.0,=
08/10/2009,63759.87,"1,79",1766041.0,+
07/10/2009,62638.28,"-0,05",1413648.0,=
06/10/2009,62670.59,"0,48",1665658.0,=
05/10/2009,62369.3,"1,96",1335304.0,+
02/10/2009,61171.99,"1,18",1735916.0,+
01/10/2009,60459.33,"-1,72",1401186.0,-
30/09/2009,61517.89,"0,46",1544781.0,=
29/09/2009,61235.26,"-0,13",1175365.0,=
28/09/2009,61316.62,"1,59",955740.0,+
25/09/2009,60355.73,"0,52",989792.0,+
24/09/2009,60046.28,"-0,74",1312004.0,-
23/09/2009,60496.19,"-1,62",1520973.0,-
22/09/2009,61493.39,"0,93",1587147.0,+
21/09/2009,60928.02,"0,37",1358539.0,=
18/09/2009,60703.01,"0,78",1290385.0,+
17/09/2009,60236.03,"-0,29",1594211.0,=
16/09/2009,60410.66,"1,94",1810743.0,+
15/09/2009,59263.86,"0,67",1128879.0,+
14/09/2009,58867.55,"0,86",990505.0,+
11/09/2009,58366.38,"-0,29",1119853.0,=
10/09/2009,58535.79,"1,08",1401367.0,+
09/09/2009,57909.95,"0,1",1357854.0,=
08/09/2009,57854.8,"2,12",1374995.0,+
04/09/2009,56652.28,"1,7",1198056.0,+
03/09/2009,55707.17,"0,58",1272160.0,+
02/09/2009,55385.72,"-0,77",1644371.0,-
01/09/2009,55814.96,"-1,19",1443647.0,-
31/08/2009,56488.98,"-2,1",1504108.0,-
28/08/2009,57700.57,"-0,01",1176226.0,=
27/08/2009,57703.85,"-0,11",1345128.0,=
26/08/2009,57765.69,"0,6",1237663.0,+
25/08/2009,57421.43,"-0,61",1251247.0,-
24/08/2009,57775.37,"0,08",1428016.0,=
21/08/2009,57728.59,"1,58",1240357.0,+
20/08/2009,56831.48,"1,2",1070268.0,+
19/08/2009,56156.28,"0,73",1279115.0,+
18/08/2009,55748.92,"0,96",1129387.0,+
17/08/2009,55218.37,"-2,51",1402008.0,-
14/08/2009,56638.0,"-0,72",1496786.0,-
13/08/2009,57047.98,"0,81",1511383.0,+
12/08/2009,56588.26,"1,48",1659782.0,+
11/08/2009,55761.16,"-1,88",1406597.0,-
10/08/2009,56830.01,"0,89",1191198.0,+
07/08/2009,56329.51,"1,03",1259142.0,+
06/08/2009,55754.88,"-1,12",1333347.0,-
05/08/2009,56384.08,"0,62",1241014.0,+
04/08/2009,56038.07,"0,07",1512892.0,=
03/08/2009,55997.81,"2,25",1256339.0,+
31/07/2009,54765.72,"0,53",1225237.0,+
30/07/2009,54478.43,"1,38",1248249.0,+
29/07/2009,53734.53,"-1,35",1231595.0,-
28/07/2009,54471.54,"-0,14",1304853.0,=
27/07/2009,54548.99,"0,17",1108507.0,=
24/07/2009,54457.29,"0,38",1131877.0,=
23/07/2009,54249.36,"2,22",2061204.0,+
22/07/2009,53072.57,"-0,3",1359962.0,=
21/07/2009,53233.57,"0,15",1396210.0,=
20/07/2009,53154.93,"2,08",1498167.0,+
17/07/2009,52072.49,"0,3",1232257.0,=
16/07/2009,51918.2,"1,21",1547356.0,+
15/07/2009,51296.66,"4,96",1885029.0,+
14/07/2009,48872.58,"-0,64",1431182.0,-
13/07/2009,49186.93,"-0,07",1331350.0,=
10/07/2009,49220.78,"0,09",1038797.0,=
08/07/2009,49177.55,"-0,56",1545655.0,-
07/07/2009,49456.7,"-2,3",1637402.0,-
06/07/2009,50622.47,"-0,61",1377892.0,-
03/07/2009,50934.69,"-0,18",487806.0,=
02/07/2009,51024.94,"-1,01",1006346.0,-
01/07/2009,51543.78,"0,15",1371142.0,=
30/06/2009,51465.46,"-1,29",1321143.0,-
29/06/2009,52137.58,"1,27",1052822.0,+
26/06/2009,51485.61,"-0,06",1220382.0,=
25/06/2009,51514.81,"3,71",1591674.0,+
24/06/2009,49672.12,"-0,28",1370135.0,=
23/06/2009,49813.58,"0,64",1395132.0,+
22/06/2009,49494.8,"-3,66",1602017.0,-
19/06/2009,51373.77,"0,92",1225090.0,+
18/06/2009,50903.02,"-0,28",1164930.0,=
17/06/2009,51045.84,"-0,31",1638032.0,=
16/06/2009,51205.78,"-1,59",1328592.0,-
15/06/2009,52033.82,"-2,85",1662704.0,-
12/06/2009,53558.23,"0,28",1421763.0,=
10/06/2009,53410.93,"0,48",1437711.0,=
09/06/2009,53157.13,"-0,88",1228456.0,-
08/06/2009,53630.39,"0,54",1184863.0,+
05/06/2009,53341.01,"-0,23",1442284.0,=
04/06/2009,53463.9,"2,64",1398360.0,+
03/06/2009,52086.63,"-3,54",2037426.0,-
02/06/2009,53999.52,"-0,89",1918918.0,-
01/06/2009,54486.29,"2,42",1803091.0,+
29/05/2009,53197.73,"0,3",2841319.0,=
28/05/2009,53040.74,"2,41",1518793.0,+
27/05/2009,51791.61,"-0,09",1731421.0,=
26/05/2009,51840.8,"2,02",1456574.0,+
25/05/2009,50816.24,"0,49",490955.0,=
22/05/2009,50568.49,"0,96",1308727.0,+
21/05/2009,50087.33,"-2,26",1681020.0,-
20/05/2009,51245.09,"-0,2",2061992.0,=
19/05/2009,51346.61,"-0,23",2003172.0,=
18/05/2009,51463.02,"5,01",1731562.0,+
15/05/2009,49007.21,"-0,89",1508727.0,-
14/05/2009,49446.02,"1,58",1416233.0,+
13/05/2009,48679.19,"-3,27",1712150.0,-
12/05/2009,50325.78,"-1,28",1851967.0,-
11/05/2009,50976.39,"-0,82",1285685.0,-
08/05/2009,51395.99,"2,67",1692752.0,+
07/05/2009,50058.06,"-2,8",2030171.0,-
06/05/2009,51499.48,"1,64",2468509.0,+
05/05/2009,50669.78,"0,53",1945445.0,+
04/05/2009,50404.53,"6,59",2501955.0,+
30/04/2009,47289.53,"0,13",2136087.0,=
29/04/2009,47226.79,"3,07",2053300.0,+
28/04/2009,45821.44,"0,0",1792336.0,=
27/04/2009,45819.71,"-2,04",1687370.0,-
24/04/2009,46771.79,"2,12",1528306.0,+
23/04/2009,45801.17,"2,03",1243569.0,+
22/04/2009,44888.2,"1,02",1364466.0,+
20/04/2009,44433.15,"-2,94",1272812.0,-
17/04/2009,45778.28,"-0,54",1465546.0,-
16/04/2009,46024.78,"1,66",1770712.0,+
15/04/2009,45272.65,"-0,32",1758089.0,=
14/04/2009,45418.18,"-1,25",2127520.0,-
13/04/2009,45991.89,"1,0",1552644.0,+
09/04/2009,45538.71,"3,07",1923852.0,+
08/04/2009,44181.98,"0,82",1782419.0,+
07/04/2009,43824.53,"-0,78",1707512.0,-
06/04/2009,44167.26,"-0,5",1466252.0,=
03/04/2009,44390.98,"1,5",1882849.0,+
02/04/2009,43736.45,"4,19",2363543.0,+
01/04/2009,41976.33,"2,57",1671532.0,+
31/03/2009,40925.87,"0,67",1591132.0,+
30/03/2009,40653.13,"-2,99",1508531.0,-
27/03/2009,41907.29,"-1,6",1341989.0,-
26/03/2009,42588.66,"1,89",1640409.0,+
25/03/2009,41799.3,"0,78",1956459.0,+
24/03/2009,41475.83,"-2,27",1826229.0,-
23/03/2009,42438.55,"5,89",1883362.0,+
20/03/2009,40076.41,"-0,93",1394178.0,-
19/03/2009,40453.43,"0,78",1902832.0,+
18/03/2009,40142.29,"1,6",1731737.0,+
17/03/2009,39510.72,"2,34",1456792.0,+
16/03/2009,38607.2,"-1,05",1526873.0,-
13/03/2009,39015.37,"-0,35",1595242.0,=
12/03/2009,39151.86,"0,89",1631844.0,+
11/03/2009,38804.8,"0,03",1401240.0,=
10/03/2009,38794.55,"5,59",1788200.0,+
09/03/2009,36741.35,"-0,98",1067326.0,-
06/03/2009,37105.09,"-0,71",1481160.0,-
05/03/2009,37368.93,"-2,69",1354679.0,-
04/03/2009,38402.24,"5,31",1796281.0,+
03/03/2009,36467.56,"0,64",1731467.0,+
02/03/2009,36234.69,"-5,1",1727903.0,-
27/02/2009,38183.31,"0,01",1653912.0,=
26/02/2009,38180.18,"-0,13",1520811.0,=
25/02/2009,38231.58,"-1,25",1216319.0,-
20/02/2009,38714.64,"-2,56",1711690.0,-
19/02/2009,39730.33,"0,14",1162615.0,=
18/02/2009,39674.39,"-0,43",1654483.0,=
17/02/2009,39846.97,"-4,77",1729873.0,-
16/02/2009,41841.32,"0,4",1088618.0,=
13/02/2009,41673.62,"2,9",1445330.0,+
12/02/2009,40500.79,"-0,84",1782187.0,-
11/02/2009,40845.62,"-0,88",1673362.0,-
10/02/2009,41207.43,"-2,12",2279909.0,-
09/02/2009,42100.12,"-1,53",1749335.0,-
06/02/2009,42755.5,"4,01",2180090.0,+
05/02/2009,41108.65,"2,44",1932755.0,+
04/02/2009,40129.04,"0,96",2408649.0,+
03/02/2009,39746.76,"2,79",1545051.0,+
02/02/2009,38666.44,"-1,61",1334524.0,-
30/01/2009,39300.79,"-0,85",1477538.0,-
29/01/2009,39638.42,"-1,46",1330319.0,-
28/01/2009,40227.45,"3,95",2132390.0,+
27/01/2009,38698.92,"0,49",1423714.0,=
26/01/2009,38509.45,"0,99",1493718.0,+
23/01/2009,38132.35,"0,63",1432965.0,+
22/01/2009,37894.33,"-1,68",1744522.0,-
21/01/2009,38542.9,"3,41",1672027.0,+
20/01/2009,37272.07,"-4,01",1417723.0,-
19/01/2009,38828.32,"-1,3",791082.0,-
16/01/2009,39341.54,"0,49",1734238.0,=
15/01/2009,39151.08,"3,08",2029349.0,+
14/01/2009,37981.77,"-3,95",2198314.0,-
13/01/2009,39544.23,"0,36",1798358.0,=
12/01/2009,39403.47,"-5,24",1554682.0,-
09/01/2009,41582.94,"-0,97",1573440.0,-
08/01/2009,41990.55,"2,87",1555934.0,+
07/01/2009,40820.25,"-3,53",1383557.0,-
06/01/2009,42312.28,"1,91",1791072.0,+
05/01/2009,41518.66,"3,17",1909109.0,+
02/01/2009,40244.22,"7,17",1055146.0,+
30/12/2008,37550.31,"1,32",1569898.0,+
29/12/2008,37060.16,"0,53",984707.0,+
26/12/2008,36864.13,"1,08",508529.0,+
23/12/2008,36470.78,"-3,05",859921.0,-
22/12/2008,37618.5,"-3,87",1275644.0,-
19/12/2008,39131.23,"-1,02",1219290.0,-
18/12/2008,39536.27,"-1,03",1696129.0,-
17/12/2008,39947.43,"-0,12",2284758.0,=
16/12/2008,39993.46,"4,37",1613927.0,+
15/12/2008,38320.19,"-2,68",1631653.0,-
12/12/2008,39373.86,"2,22",1692765.0,+
11/12/2008,38519.07,"-1,24",1952331.0,-
10/12/2008,39004.4,"2,73",2232904.0,+
09/12/2008,37968.11,"-0,83",2011611.0,-
08/12/2008,38284.91,"8,31",2422344.0,+
05/12/2008,35347.39,"0,63",1929874.0,+
04/12/2008,35127.77,"-0,48",1264722.0,=
03/12/2008,35296.7,"0,85",2237833.0,+
02/12/2008,35000.84,"0,75",1596492.0,+
01/12/2008,34740.5,"-5,07",1458817.0,-
28/11/2008,36595.87,"1,06",1547449.0,+
27/11/2008,36212.65,"-0,7",878654.0,-
26/11/2008,36469.61,"4,76",2075288.0,+
25/11/2008,34812.86,"1,83",1712234.0,+
24/11/2008,34188.83,"9,4",1995601.0,+
21/11/2008,31250.6,"-6,45",1894756.0,-
19/11/2008,33404.55,"-2,02",1567280.0,-
18/11/2008,34094.66,"-4,54",1750847.0,-
17/11/2008,35717.21,"-0,2",1393678.0,=
14/11/2008,35789.1,"-0,57",1628623.0,-
13/11/2008,35993.33,"4,71",1890055.0,+
12/11/2008,34373.99,"-7,75",2413416.0,-
11/11/2008,37261.9,"1,32",1536348.0,+
10/11/2008,36776.27,"0,3",1466996.0,=
07/11/2008,36665.11,"0,83",1764479.0,+
06/11/2008,36361.91,"-3,77",1998908.0,-
05/11/2008,37785.66,"-6,13",2127717.0,-
04/11/2008,40254.8,"5,24",2134201.0,+
03/11/2008,38249.44,"2,66",1676832.0,+
31/10/2008,37256.84,"-0,51",2001963.0,-
30/10/2008,37448.77,"7,47",2485876.0,+
29/10/2008,34845.21,"4,37",2184709.0,+
28/10/2008,33386.65,"13,42",2341981.0,+
27/10/2008,29435.11,"-6,5",1696288.0,-
24/10/2008,31481.55,"-6,91",2251762.0,-
23/10/2008,33818.49,"-3,57",1962897.0,-
22/10/2008,35069.73,"-10,18",1647770.0,-
21/10/2008,39043.39,"-1,01",1533554.0,-
20/10/2008,39441.08,"8,36",1549672.0,+
17/10/2008,36399.09,"-0,12",1849348.0,=
16/10/2008,36441.72,"-1,06",2284057.0,-
15/10/2008,36833.02,"-11,39",2146920.0,-
14/10/2008,41569.03,"1,81",2264345.0,+
13/10/2008,40829.13,"14,66",1973944.0,+
10/10/2008,35609.54,"-3,97",2444570.0,-
09/10/2008,37080.3,"-3,92",2180866.0,-
08/10/2008,38593.54,"-3,85",2832714.0,-
07/10/2008,40139.85,"-4,66",1969571.0,-
06/10/2008,42100.79,"-5,43",2075564.0,-
03/10/2008,44517.32,"-3,53",1577264.0,-
02/10/2008,46145.1,"-7,34",1684106.0,-
01/10/2008,49798.65,"0,52",1498008.0,+
30/09/2008,49541.27,"7,63",1556999.0,+
29/09/2008,46028.06,"-9,36",1881822.0,-
26/09/2008,50782.99,"-2,02",1989465.0,-
25/09/2008,51828.46,"3,98",1401431.0,+
24/09/2008,49842.99,"0,5",1202915.0,=
23/09/2008,49593.17,"-3,78",1648757.0,-
22/09/2008,51540.58,"-2,86",1450203.0,-
19/09/2008,53055.38,"9,57",2103879.0,+
18/09/2008,48422.75,"5,48",2332654.0,+
17/09/2008,45908.51,"-6,74",2322194.0,-
16/09/2008,49228.92,"1,68",2046451.0,+
15/09/2008,48416.33,"-7,59",1589861.0,-
12/09/2008,52392.86,"2,19",1393893.0,+
11/09/2008,51270.4,"3,3",1556226.0,+
10/09/2008,49633.16,"2,47",1904786.0,+
09/09/2008,48435.3,"-4,5",1480926.0,-
08/09/2008,50717.97,"-2,35",1465907.0,-
05/09/2008,51939.6,"1,03",1441561.0,+
04/09/2008,51408.54,"-3,96",1542294.0,-
03/09/2008,53527.01,"-1,61",1439749.0,-
02/09/2008,54404.41,"-1,37",1163271.0,-
01/09/2008,55162.14,"-0,93",519996.0,-
29/08/2008,55680.41,"-1,24",1102489.0,-
28/08/2008,56382.22,"1,55",1062302.0,+
27/08/2008,55519.24,"2,13",881672.0,+
26/08/2008,54358.7,"-0,22",836274.0,=
25/08/2008,54477.25,"-2,46",653400.0,-
22/08/2008,55850.13,"-0,15",823433.0,=
21/08/2008,55934.69,"1,01",1113241.0,+
20/08/2008,55377.15,"3,24",1149324.0,+
19/08/2008,53638.69,"0,59",1006643.0,+
18/08/2008,53326.54,"-1,69",846960.0,-
15/08/2008,54244.03,"-1,62",945786.0,-
14/08/2008,55138.35,"1,04",1065508.0,+
13/08/2008,54573.18,"0,13",1922742.0,=
12/08/2008,54502.97,"-0,4",1226240.0,=
11/08/2008,54720.25,"-3,29",1208564.0,-
08/08/2008,56584.4,"-0,76",1054144.0,-
07/08/2008,57017.55,"-0,91",1116454.0,-
06/08/2008,57542.49,"1,9",1266759.0,+
05/08/2008,56470.59,"1,55",1402412.0,+
04/08/2008,55609.07,"-3,51",1148027.0,-
01/08/2008,57630.35,"-3,15",999464.0,-
31/07/2008,59505.17,"-0,82",1277132.0,-
30/07/2008,59997.64,"3,37",1527812.0,+
29/07/2008,58042.87,"2,06",1118288.0,+
28/07/2008,56869.02,"-0,58",887591.0,-
25/07/2008,57199.14,"-0,41",1183354.0,=
24/07/2008,57434.37,"-3,34",1776806.0,-
23/07/2008,59420.86,"-0,38",1421997.0,=
22/07/2008,59647.32,"-1,85",1203728.0,-
21/07/2008,60771.79,"1,31",1230633.0,+
18/07/2008,59988.1,"-0,2",1230588.0,=
17/07/2008,60108.72,"-3,14",1893057.0,-
16/07/2008,62056.47,"1,71",1575675.0,+
15/07/2008,61015.09,"0,48",1473331.0,=
14/07/2008,60720.9,"0,95",970373.0,+
11/07/2008,60148.26,"-0,17",1050985.0,=
10/07/2008,60252.74,"1,2",1486913.0,+
08/07/2008,59535.95,"0,76",1235537.0,+
07/07/2008,59088.2,"-0,47",1078382.0,=
04/07/2008,59365.35,"0,16",642067.0,=
03/07/2008,59273.38,"-3,0",1207538.0,-
02/07/2008,61106.22,"-3,61",1309002.0,-
01/07/2008,63396.19,"-2,49",1261811.0,-
30/06/2008,65017.58,"1,08",970437.0,+
27/06/2008,64321.11,"0,59",1100063.0,+
26/06/2008,63946.92,"-2,89",1265091.0,-
25/06/2008,65853.34,"2,63",1351415.0,+
24/06/2008,64167.77,"-0,73",1128787.0,-
23/06/2008,64640.45,"0,04",858523.0,=
20/06/2008,64613.79,"-2,97",1141353.0,-
19/06/2008,66590.41,"-0,75",1171992.0,-
18/06/2008,67090.45,"-1,97",1361496.0,-
17/06/2008,68437.5,"1,71",1200141.0,+
16/06/2008,67284.61,"0,12",1043414.0,=
13/06/2008,67203.52,"-0,17",917323.0,=
12/06/2008,67319.63,"0,79",1142723.0,+
11/06/2008,66794.76,"-1,45",1254256.0,-
10/06/2008,67774.94,"-2,17",1256015.0,-
09/06/2008,69281.2,"-0,72",1034942.0,-
06/06/2008,69785.87,"-2,0",1199749.0,-
05/06/2008,71209.12,"3,69",1219186.0,+
04/06/2008,68673.13,"-1,91",1438314.0,-
03/06/2008,70011.91,"-2,62",1301181.0,-
02/06/2008,71897.25,"-0,96",1171062.0,-
30/05/2008,72592.5,"1,11",1770378.0,+
29/05/2008,71797.54,"-1,85",1542592.0,-
28/05/2008,73153.23,"3,04",1455053.0,+
27/05/2008,70992.05,"-0,89",1409641.0,-
26/05/2008,71628.73,"0,25",503202.0,=
23/05/2008,71451.8,"-1,17",1093948.0,-
21/05/2008,72294.8,"-1,66",1464986.0,-
20/05/2008,73516.8,"0,11",1256277.0,=
19/05/2008,73438.83,"0,92",1494550.0,+
16/05/2008,72766.93,"1,78",1348896.0,+
15/05/2008,71492.36,"2,09",1144311.0,+
14/05/2008,70026.62,"-0,68",1200074.0,-
13/05/2008,70503.25,"0,12",1207610.0,=
12/05/2008,70415.81,"1,11",966699.0,+
09/05/2008,69645.7,"-0,11",841249.0,=
08/05/2008,69722.25,"1,02",975062.0,+
07/05/2008,69017.66,"-1,68",1342652.0,-
06/05/2008,70195.27,"0,03",1517985.0,=
05/05/2008,70174.88,"1,17",1347324.0,+
02/05/2008,69366.38,"2,21",1981823.0,+
30/04/2008,67868.45,"6,33",2112808.0,+
29/04/2008,63825.74,"-2,82",1113657.0,-
28/04/2008,65677.73,"0,75",1182922.0,+
25/04/2008,65187.34,"0,95",1111012.0,+
24/04/2008,64576.26,"-0,57",971554.0,-
23/04/2008,64947.54,"-0,71",862851.0,-
22/04/2008,65412.66,"0,75",965742.0,+
18/04/2008,64922.67,"0,57",856822.0,+
17/04/2008,64552.42,"0,62",908420.0,+
16/04/2008,64151.94,"2,45",1237877.0,+
15/04/2008,62618.39,"0,75",841671.0,+
14/04/2008,62153.45,"-0,69",926676.0,-
11/04/2008,62585.21,"-1,48",696837.0,-
10/04/2008,63527.11,"0,08",909307.0,=
09/04/2008,63476.92,"-1,65",863323.0,-
08/04/2008,64539.54,"0,57",877985.0,+
07/04/2008,64175.58,"-0,42",909328.0,=
04/04/2008,64445.97,"0,42",812758.0,=
03/04/2008,64175.05,"1,28",1039421.0,+
02/04/2008,63364.36,"0,94",1076802.0,+
01/04/2008,62774.85,"2,96",1205605.0,+
31/03/2008,60968.07,"0,85",2168307.0,+
28/03/2008,60452.12,"-0,51",1673499.0,-
27/03/2008,60761.68,"-1,06",1639227.0,-
26/03/2008,61415.28,"0,3",2351091.0,=
25/03/2008,61234.06,"2,38",2523835.0,+
24/03/2008,59812.53,"1,4",2289060.0,+
20/03/2008,58987.31,"0,27",2717768.0,=
19/03/2008,58827.36,"-5,01",2229384.0,-
18/03/2008,61932.78,"3,2",3084867.0,+
17/03/2008,60011.84,"-3,19",2131785.0,-
14/03/2008,61990.99,"-0,46",2813150.0,=
13/03/2008,62279.71,"0,17",3854236.0,=
12/03/2008,62176.58,"-0,31",2316474.0,=
11/03/2008,62367.72,"3,95",3223580.0,+
10/03/2008,59999.27,"-3,02",1900955.0,-
07/03/2008,61867.99,"-1,76",2489027.0,-
06/03/2008,62974.65,"-2,56",2245937.0,-
05/03/2008,64629.48,"1,53",2322888.0,+
04/03/2008,63655.54,"-1,29",2141854.0,-
03/03/2008,64490.46,"1,58",2267017.0,+
29/02/2008,63489.3,"-3,15",2817038.0,-
28/02/2008,65555.08,"0,09",3692927.0,=
27/02/2008,65494.85,"0,48",4842595.0,=
26/02/2008,65182.61,"0,28",3564007.0,=
25/02/2008,65000.94,"0,61",2370369.0,+
22/02/2008,64608.78,"1,28",2075759.0,+
21/02/2008,63792.23,"0,07",2422610.0,=
20/02/2008,63747.49,"2,33",2756430.0,+
19/02/2008,62296.54,"-0,8",2089294.0,-
18/02/2008,62801.43,"2,5",1497282.0,+
15/02/2008,61271.87,"-0,89",2352989.0,-
14/02/2008,61818.99,"-1,23",2359234.0,-
13/02/2008,62590.65,"1,27",4423015.0,+
12/02/2008,61805.47,"1,92",13473546.0,+
11/02/2008,60643.22,"2,65",2569636.0,+
08/02/2008,59075.98,"0,19",2023268.0,=
07/02/2008,58965.48,"-0,01",3993416.0,=
06/02/2008,58968.53,"-3,46",2047763.0,-
01/02/2008,61079.83,"2,67",3601821.0,+
31/01/2008,59490.4,"-1,33",6158752.0,-
30/01/2008,60289.41,"1,28",4314451.0,+
29/01/2008,59529.58,"1,6",3441764.0,+
28/01/2008,58593.78,"1,97",3928506.0,+
24/01/2008,57463.31,"5,95",3801725.0,+
23/01/2008,54234.82,"-3,32",3719369.0,-
22/01/2008,56097.18,"4,45",3650199.0,+
21/01/2008,53709.11,"-6,6",3566367.0,-
18/01/2008,57506.47,"0,82",5810597.0,+
17/01/2008,57036.85,"-2,96",3593976.0,-
16/01/2008,58777.45,"-1,89",3455362.0,-
15/01/2008,59907.06,"-3,67",4080722.0,-
14/01/2008,62187.78,"0,4",2828905.0,=
11/01/2008,61942.36,"-2,48",2920528.0,-
10/01/2008,63515.48,"1,34",3227019.0,+
09/01/2008,62673.69,"0,96",3480498.0,+
08/01/2008,62080.73,"2,15",3314098.0,+
07/01/2008,60772.15,"-0,43",2223441.0,=
04/01/2008,61036.61,"-2,95",2613847.0,-
03/01/2008,62891.97,"0,12",1895854.0,=
02/01/2008,62815.13,"-1,68",2980199.0,-
28/12/2007,63886.1,"0,18",2588621.0,=
27/12/2007,63774.38,"-0,8",2043709.0,-
26/12/2007,64288.26,"1,89",1820274.0,+
21/12/2007,63097.71,"2,24",2452941.0,+
20/12/2007,61716.2,"-0,01",4797209.0,=
19/12/2007,61721.71,"1,02",3736085.0,+
18/12/2007,61096.28,"2,12",3616628.0,+
17/12/2007,59828.21,"-4,19",2242399.0,-
14/12/2007,62444.97,"-0,66",3053906.0,-
13/12/2007,62860.99,"-2,9",2936823.0,-
12/12/2007,64741.69,"0,36",3117741.0,=
11/12/2007,64512.26,"-1,43",4639865.0,-
10/12/2007,65445.96,"-0,29",3679946.0,=
07/12/2007,65638.54,"-0,23",2289004.0,=
06/12/2007,65790.8,"1,33",3108706.0,+
05/12/2007,64927.96,"2,28",2594179.0,+
04/12/2007,63481.53,"0,45",1953059.0,=
03/12/2007,63199.85,"0,31",1714244.0,=
30/11/2007,63006.16,"1,37",4848955.0,+
29/11/2007,62156.34,"0,72",5978164.0,+
28/11/2007,61714.64,"3,84",6116584.0,+
27/11/2007,59431.5,"0,61",6147460.0,+
26/11/2007,59069.17,"-3,12",6195519.0,-
23/11/2007,60970.9,"0,52",8923525.0,+
22/11/2007,60653.01,"0,12",2223625.0,=
21/11/2007,60581.54,"-2,81",6540667.0,-
19/11/2007,62336.02,"-3,52",3819191.0,-
16/11/2007,64609.38,"-0,03",4450690.0,=
14/11/2007,64630.87,"2,71",10894401.0,+
13/11/2007,62927.03,"2,28",5980522.0,+
12/11/2007,61526.87,"-4,34",5393471.0,-
09/11/2007,64320.56,"1,19",6871078.0,+
08/11/2007,63561.91,"0,1",7195747.0,=
07/11/2007,63500.62,"-1,55",112101.0,-
06/11/2007,64503.43,"2,45",4556007.0,+
05/11/2007,62959.55,"-1,7",9279402.0,-
01/11/2007,64050.08,"-1,94",6187234.0,-
31/10/2007,65317.7,"1,45",4318415.0,+
30/10/2007,64383.13,"-1,02",7817492.0,-
29/10/2007,65044.31,"1,2",7740976.0,+
26/10/2007,64275.58,"3,1",6239626.0,+
25/10/2007,62341.49,"-0,45",6487289.0,=
24/10/2007,62624.81,"-0,12",7745262.0,=
23/10/2007,62697.14,"2,42",7590957.0,+
22/10/2007,61215.13,"0,53",4185310.0,+
19/10/2007,60894.29,"-3,74",5454054.0,-
18/10/2007,63261.33,"0,11",4539759.0,=
17/10/2007,63193.67,"2,39",7641945.0,+
16/10/2007,61717.9,"-1,99",4902524.0,-
15/10/2007,62969.0,"0,82",520873.0,+
11/10/2007,62455.77,"-1,17",5273646.0,-
10/10/2007,63197.04,"-0,55",4719861.0,-
09/10/2007,63548.69,"1,42",7505848.0,+
08/10/2007,62660.85,"0,55",4076229.0,+
05/10/2007,62318.72,"3,17",9083029.0,+
04/10/2007,60406.72,"0,51",8710512.0,+
03/10/2007,60098.57,"-3,09",6852216.0,-
02/10/2007,62017.12,"-0,52",6097169.0,-
01/10/2007,62340.34,"3,1",15393944.0,+
28/09/2007,60465.06,"-0,96",5429137.0,-
27/09/2007,61052.44,"2,24",6392867.0,+
26/09/2007,59714.83,"1,46",6099295.0,+
25/09/2007,58857.78,"0,24",3464864.0,=
24/09/2007,58719.37,"1,59",5824679.0,+
21/09/2007,57798.79,"1,57",7360311.0,+
20/09/2007,56906.44,"-0,62",4655061.0,-
19/09/2007,57264.22,"1,06",7791389.0,+
18/09/2007,56666.3,"4,28",7547282.0,+
17/09/2007,54340.54,"-0,6",4175774.0,-
14/09/2007,54671.0,"-0,43",5843291.0,=
13/09/2007,54908.18,"1,9",3627505.0,+
12/09/2007,53882.71,"-0,07",5598978.0,=
11/09/2007,53920.57,"2,41",4894292.0,+
10/09/2007,52652.57,"-3,51",4084914.0,-
06/09/2007,54569.0,"0,3",5897794.0,=
05/09/2007,54407.83,"-1,53",2828477.0,-
04/09/2007,55250.47,"0,76",9577683.0,+
03/09/2007,54832.51,"0,36",5239058.0,=
31/08/2007,54637.24,"3,37",46496651.0,+
30/08/2007,52857.84,"0,23",28670399.0,=
29/08/2007,52734.64,"2,11",20048487.0,+
28/08/2007,51645.33,"-2,7",20718294.0,-
27/08/2007,53078.15,"0,15",23481882.0,=
24/08/2007,52997.56,"2,22",48704246.0,+
23/08/2007,51848.23,"0,2",18680671.0,=
22/08/2007,51744.56,"3,87",26165167.0,+
21/08/2007,49815.08,"1,24",25605211.0,+
20/08/2007,49206.36,"1,33",40149964.0,+
17/08/2007,48558.76,"1,13",69136805.0,+
16/08/2007,48015.55,"-2,58",94942909.0,-
15/08/2007,49285.3,"-3,19",108086259.0,-
14/08/2007,50911.75,"-2,9",49403085.0,-
13/08/2007,52434.01,"-0,39",48388984.0,=
10/08/2007,52638.13,"-1,48",58812194.0,-
09/08/2007,53430.84,"-3,28",50735105.0,-
08/08/2007,55241.37,"2,67",64404608.0,+
07/08/2007,53802.48,"1,34",37270934.0,+
06/08/2007,53091.1,"0,46",81613241.0,=
03/08/2007,52846.38,"-3,37",83124912.0,-
02/08/2007,54690.92,"0,84",46542601.0,+
01/08/2007,54233.87,"0,09",60579331.0,=
31/07/2007,54182.5,"-0,71",60286155.0,-
30/07/2007,54572.61,"3,12",46189459.0,+
27/07/2007,52922.23,"-1,8",64166773.0,-
26/07/2007,53893.15,"-3,76",80241822.0,-
25/07/2007,56001.3,"0,37",79978288.0,=
24/07/2007,55794.57,"-3,86",61822981.0,-
23/07/2007,58036.77,"1,03",40731220.0,+
20/07/2007,57442.74,"-1,17",36496928.0,-
19/07/2007,58124.57,"0,99",47263560.0,+
18/07/2007,57555.85,"-0,18",33928940.0,=
17/07/2007,57659.65,"0,5",49244540.0,=
16/07/2007,57374.4,"-0,47",51594225.0,=
13/07/2007,57644.16,"0,05",49966993.0,=
12/07/2007,57613.05,"2,23",43539772.0,+
11/07/2007,56356.13,"0,85",42577368.0,+
10/07/2007,55882.7,"-0,99",50772436.0,-
06/07/2007,56443.73,"0,91",39105494.0,+
05/07/2007,55932.34,"0,42",54024943.0,=
04/07/2007,55696.47,"-0,01",23831436.0,=
03/07/2007,55699.69,"0,59",33760989.0,+
02/07/2007,55371.21,"1,8",67223747.0,+
29/06/2007,54392.06,"0,45",85395910.0,=
28/06/2007,54146.59,"0,01",89190231.0,=
27/06/2007,54143.07,"0,54",86424611.0,+
26/06/2007,53851.68,"-0,35",68430558.0,=
25/06/2007,54041.57,"-0,42",84710110.0,=
22/06/2007,54267.1,"-0,71",94636725.0,-
21/06/2007,54656.88,"1,16",103576048.0,+
20/06/2007,54029.24,"-1,12",120526360.0,-
19/06/2007,54643.72,"-0,16",99302117.0,=
18/06/2007,54730.44,"0,39",115684885.0,=
15/06/2007,54518.63,"1,5",123495817.0,+
14/06/2007,53712.89,"1,36",97862645.0,+
13/06/2007,52993.73,"2,31",175650492.0,+
12/06/2007,51797.14,"-1,86",75774196.0,-
11/06/2007,52776.84,"0,85",81569894.0,+
08/06/2007,52329.68,"0,54",84325790.0,+
06/06/2007,52049.31,"-2,09",92944723.0,-
05/06/2007,53162.21,"-0,15",89869242.0,=
04/06/2007,53242.68,"-0,34",90055711.0,=
01/06/2007,53422.67,"2,21",148685270.0,+
31/05/2007,52268.46,"-0,49",125166640.0,=
30/05/2007,52527.65,"1,57",140483026.0,+
29/05/2007,51713.18,"-0,78",158100747.0,-
28/05/2007,52119.97,"0,97",58686245.0,+
25/05/2007,51617.97,"2,15",93920494.0,+
24/05/2007,50530.65,"-2,47",104114906.0,-
23/05/2007,51812.5,"-0,76",177385332.0,-
22/05/2007,52208.09,"-0,41",54601139.0,=
21/05/2007,52423.45,"0,66",128956512.0,+
18/05/2007,52077.68,"0,86",103165224.0,+
17/05/2007,51631.47,"-0,21",100343943.0,=
16/05/2007,51737.56,"2,41",154949131.0,+
15/05/2007,50518.21,"0,01",88112801.0,=
14/05/2007,50510.76,"-0,77",82391723.0,-
11/05/2007,50902.38,"1,33",146071563.0,+
10/05/2007,50234.68,"-2,08",183381352.0,-
09/05/2007,51300.13,"2,03",129546449.0,+
08/05/2007,50277.69,"-0,01",58598272.0,=
07/05/2007,50281.73,"-0,62",30581536.0,-
04/05/2007,50597.79,"0,76",48752674.0,+
03/05/2007,50218.22,"1,51",61496505.0,+
02/05/2007,49471.54,"1,05",82439102.0,+
30/04/2007,48956.39,"-0,55",155714373.0,-
27/04/2007,49229.6,"0,33",97449989.0,=
26/04/2007,49067.69,"-1,22",130519870.0,-
25/04/2007,49675.59,"1,23",139457706.0,+
24/04/2007,49070.86,"-0,19",85154088.0,=
23/04/2007,49162.09,"-0,5",84795826.0,=
20/04/2007,49408.18,"1,32",155979941.0,+
19/04/2007,48762.13,"0,11",168338335.0,=
18/04/2007,48709.84,"-0,09",190930938.0,=
17/04/2007,48755.48,"-0,34",140107236.0,=
16/04/2007,48921.21,"2,08",155061775.0,+
13/04/2007,47926.23,"1,22",122908248.0,+
12/04/2007,47346.56,"0,87",117205610.0,+
11/04/2007,46939.19,"-0,5",169053751.0,=
10/04/2007,47174.07,"0,68",165433250.0,+
09/04/2007,46854.71,"0,45",124565554.0,=
05/04/2007,46646.57,"0,2",113833739.0,=
04/04/2007,46553.93,"0,57",121560030.0,+
03/04/2007,46288.16,"1,51",208963086.0,+
02/04/2007,45597.48,"-0,45",141629170.0,=
30/03/2007,45804.66,"0,99",124972534.0,+
29/03/2007,45355.13,"1,96",134403972.0,+
28/03/2007,44484.1,"-1,6",132180516.0,-
27/03/2007,45206.53,"-0,96",95099318.0,-
26/03/2007,45644.56,"0,25",78423851.0,=
23/03/2007,45532.53,"0,24",82312937.0,=
22/03/2007,45424.18,"-0,45",139703566.0,=
21/03/2007,45630.86,"2,89",201404634.0,+
20/03/2007,44350.87,"1,46",165675155.0,+
19/03/2007,43712.55,"2,3",142704485.0,+
16/03/2007,42730.04,"-1,27",112346771.0,-
15/03/2007,43278.19,"-0,02",136954353.0,=
14/03/2007,43288.44,"1,26",160333817.0,+
13/03/2007,42749.38,"-3,39",159221464.0,-
12/03/2007,44249.23,"0,26",116185442.0,=
09/03/2007,44133.42,"1,54",129008670.0,+
08/03/2007,43465.83,"1,87",85353780.0,+
07/03/2007,42667.18,"-1,28",128354065.0,-
06/03/2007,43218.4,"4,95",119195378.0,+
05/03/2007,41179.16,"-2,81",123682796.0,-
02/03/2007,42369.84,"-2,64",199570491.0,-
01/03/2007,43516.91,"-0,86",131228859.0,-
28/02/2007,43892.31,"1,73",176098151.0,+
27/02/2007,43145.33,"-6,63",189354077.0,-
26/02/2007,46207.4,"0,42",94900878.0,=
23/02/2007,46015.79,"-0,94",76534166.0,-
22/02/2007,46452.26,"0,79",121582071.0,+
21/02/2007,46090.24,"0,53",73069032.0,+
20/02/2007,45849.03,"0,0",107391157.0,=
16/02/2007,45849.03,"-0,23",107391157.0,=
15/02/2007,45955.07,"-0,09",140012669.0,=
14/02/2007,45995.6,"1,77",232265353.0,+
13/02/2007,45197.45,"2,87",116712364.0,+
12/02/2007,43934.75,"-0,79",94842147.0,-
09/02/2007,44284.4,"-1,35",133298736.0,-
08/02/2007,44891.94,"0,68",124663405.0,+
07/02/2007,44587.96,"-1,68",114293728.0,-
06/02/2007,45351.8,"0,14",109404039.0,=
05/02/2007,45286.17,"0,64",79481166.0,+
02/02/2007,44997.83,"0,41",106514396.0,=
01/02/2007,44815.01,"0,39",120498265.0,=
31/01/2007,44641.6,"1,36",131510783.0,+
30/01/2007,44044.23,"1,08",110700249.0,+
29/01/2007,43573.49,"-1,89",95144323.0,-
26/01/2007,44412.35,"-0,61",102456746.0,-
24/01/2007,44686.73,"1,15",114652279.0,+
23/01/2007,44177.2,"1,43",109921244.0,+
22/01/2007,43553.3,"0,29",70802034.0,=
19/01/2007,43427.64,"2,24",651000000.0,+
18/01/2007,42477.92,"-0,6",97203157.0,-
17/01/2007,42735.48,"0,26",73003062.0,=
16/01/2007,42624.22,"-0,69",93088346.0,-
15/01/2007,42919.17,"-0,41",45027716.0,=
12/01/2007,43094.97,"1,0",96842476.0,+
11/01/2007,42670.32,"0,79",84165713.0,+
10/01/2007,42335.67,"0,78",110755983.0,+
09/01/2007,42006.78,"-1,92",112991947.0,-
08/01/2007,42829.93,"1,38",114007168.0,+
05/01/2007,42245.16,"-4,03",164055009.0,-
04/01/2007,44019.77,"-0,96",86577055.0,-
03/01/2007,44445.29,"-2,07",122372896.0,-
02/01/2007,45382.61,"2,04",75560102.0,+
28/12/2006,44473.71,"-0,12",113108989.0,=
27/12/2006,44526.36,"2,12",101324397.0,+
26/12/2006,43603.08,"0,57",47331061.0,+
22/12/2006,43355.73,"-0,07",65730752.0,=
21/12/2006,43385.02,"-0,27",80744583.0,=
20/12/2006,43502.36,"-0,2",111485542.0,=
19/12/2006,43589.72,"0,19",119391000.0,=
18/12/2006,43508.73,"-0,2",138330419.0,=
15/12/2006,43595.7,"-0,36",140263850.0,=
14/12/2006,43754.56,"1,09",155097152.0,+
13/12/2006,43284.52,"0,62",194334017.0,+
12/12/2006,43018.45,"-0,64",94209101.0,-
11/12/2006,43297.06,"0,74",99182777.0,+
08/12/2006,42977.58,"0,16",66395938.0,=
07/12/2006,42909.29,"-0,43",81579501.0,=
06/12/2006,43096.16,"-0,14",87843333.0,=
05/12/2006,43157.28,"1,18",97888069.0,+
04/12/2006,42654.33,"3,21",86575724.0,+
01/12/2006,41327.07,"-1,44",84178772.0,-
30/11/2006,41931.84,"-0,09",141201458.0,=
29/11/2006,41970.01,"2,26",146202354.0,+
28/11/2006,41043.15,"0,31",955367000.0,=
27/11/2006,40914.63,"-2,02",159522000.0,-
24/11/2006,41757.72,"-0,74",92538538.0,-
23/11/2006,42069.83,"0,37",91746741.0,=
22/11/2006,41912.92,"0,82",109892626.0,+
21/11/2006,41570.4,"1,32",118526863.0,+
17/11/2006,41029.43,"-0,32",117270000.0,=
16/11/2006,41161.87,"-0,31",157412912.0,=
14/11/2006,41290.7,"1,69",141768767.0,+
13/11/2006,40605.79,"-0,28",116856507.0,=
10/11/2006,40719.92,"-0,23",163280500.0,=
09/11/2006,40815.48,"-1,26",140119630.0,-
08/11/2006,41334.23,"0,7",142110181.0,+
07/11/2006,41048.31,"-0,48",129699308.0,=
06/11/2006,41246.61,"2,01",171533489.0,+
03/11/2006,40435.18,"1,27",160846851.0,+
01/11/2006,39930.05,"1,7",151358201.0,+
31/10/2006,39262.79,"0,93",166833717.0,+
30/10/2006,38900.49,"-1,09",94525918.0,-
27/10/2006,39328.47,"-0,8",115174815.0,-
26/10/2006,39644.78,"0,21",98565011.0,=
25/10/2006,39562.63,"0,16",122633587.0,=
24/10/2006,39498.98,"0,69",74334227.0,+
23/10/2006,39226.76,"1,51",101060514.0,+
20/10/2006,38642.82,"-0,71",71733866.0,-
19/10/2006,38919.75,"0,6",3891975.0,+
18/10/2006,38685.99,"-0,54",208399221.0,-
17/10/2006,38897.5,"-0,85",88848413.0,-
16/10/2006,39229.06,"0,98",110698138.0,+
13/10/2006,38850.16,"1,38",112580752.0,+
11/10/2006,38322.21,"-0,86",87991032.0,-
10/10/2006,38654.69,"0,65",119440614.0,+
09/10/2006,38406.37,"1,23",111501867.0,+
06/10/2006,37940.44,"-0,1",88616455.0,=
05/10/2006,37976.86,"0,6",147085310.0,+
04/10/2006,37749.29,"3,6",201054173.0,+
03/10/2006,36437.55,"-1,67",121786207.0,-
02/10/2006,37057.75,"1,67",149989268.0,+
29/09/2006,36449.4,"-0,1",128959062.0,=
28/09/2006,36486.19,"1,05",124881896.0,+
27/09/2006,36105.64,"0,8",152445449.0,+
26/09/2006,35818.97,"2,42",121505067.0,+
25/09/2006,34972.74,"0,5",126964797.0,=
22/09/2006,34798.8,"-0,09",131281610.0,=
21/09/2006,34830.08,"-1,04",198934031.0,-
20/09/2006,35196.59,"-1,92",153831608.0,-
19/09/2006,35885.68,"-1,64",115664937.0,-
18/09/2006,36482.78,"0,86",68704120.0,+
15/09/2006,36169.93,"0,05",81902137.0,=
14/09/2006,36153.6,"-1,08",91091834.0,-
13/09/2006,36549.71,"1,12",142775883.0,+
12/09/2006,36146.66,"1,05",127765639.0,+
11/09/2006,35772.49,"-2,15",158480583.0,-
08/09/2006,36558.48,"-0,41",80359039.0,=
06/09/2006,36709.87,"-1,76",99016370.0,-
05/09/2006,37367.96,"-0,86",104148439.0,-
04/09/2006,37693.35,"0,98",83710976.0,+
01/09/2006,37329.15,"3,03",98953336.0,+
31/08/2006,36232.22,"-0,22",152054819.0,=
30/08/2006,36313.43,"0,03",144235658.0,=
29/08/2006,36303.67,"-0,19",59386833.0,=
28/08/2006,36374.51,"1,16",78676311.0,+
25/08/2006,35957.52,"0,45",89314129.0,=
24/08/2006,35797.26,"0,8",89261045.0,+
23/08/2006,35512.1,"-3,18",145261885.0,-
22/08/2006,36677.51,"-1,3",86330931.0,-
21/08/2006,37160.6,"-1,04",115894118.0,-
18/08/2006,37551.71,"-0,02",76315392.0,=
17/08/2006,37558.89,"-0,32",106442270.0,=
16/08/2006,37677.81,"1,02",242517729.0,+
15/08/2006,37295.93,"2,02",114350172.0,+
14/08/2006,36556.88,"-1,05",71846481.0,-
11/08/2006,36944.43,"-1,1",74677201.0,-
10/08/2006,37353.76,"0,26",100387020.0,=
09/08/2006,37255.12,"-0,92",112211548.0,-
08/08/2006,37600.44,"-0,26",101666560.0,=
07/08/2006,37697.55,"-0,4",65293388.0,=
04/08/2006,37847.88,"1,06",73282519.0,+
03/08/2006,37451.19,"0,44",77650544.0,=
02/08/2006,37288.4,"1,22",102121871.0,+
01/08/2006,36839.31,"-0,64",83483688.0,-
31/07/2006,37077.12,"-0,81",66815508.0,-
28/07/2006,37381.06,"1,34",126323312.0,+
27/07/2006,36887.72,"0,8",72163000.0,+
26/07/2006,36594.3,"-0,24",73265689.0,=
25/07/2006,36680.83,"1,26",127240581.0,+
24/07/2006,36224.39,"2,01",79444664.0,+
21/07/2006,35510.4,"-0,94",80683473.0,-
20/07/2006,35846.84,"-2,55",83304576.0,-
19/07/2006,36785.45,"4,71",155674583.0,+
18/07/2006,35130.42,"0,76",85037317.0,+
17/07/2006,34866.31,"-1,37",67456537.0,-
14/07/2006,35349.68,"-0,01",57669232.0,=
13/07/2006,35354.28,"-2,42",65273093.0,-
12/07/2006,36229.71,"-0,89",79271418.0,-
11/07/2006,36553.56,"1,14",95572080.0,+
10/07/2006,36140.64,"0,11",63696972.0,=
07/07/2006,36101.98,"-1,18",85910497.0,-
06/07/2006,36533.13,"0,43",78522818.0,=
05/07/2006,36378.03,"-2,65",160315443.0,-
04/07/2006,37367.34,"0,03",65932590.0,=
03/07/2006,37357.2,"1,98",100356485.0,+
30/06/2006,36630.66,"0,39",121975121.0,=
29/06/2006,36486.67,"4,74",127971481.0,+
28/06/2006,34834.65,"1,34",93090764.0,+
27/06/2006,34375.73,"-0,74",65648634.0,-
26/06/2006,34631.24,"-0,09",87958978.0,=
23/06/2006,34661.22,"1,0",74792427.0,+
22/06/2006,34316.77,"-0,67",61811302.0,-
21/06/2006,34546.64,"2,72",103932538.0,+
20/06/2006,33632.14,"-0,78",84379028.0,-
19/06/2006,33897.35,"-1,46",93056430.0,-
16/06/2006,34398.92,"4,42",103567349.0,+
14/06/2006,32941.46,"0,29",253852160.0,=
13/06/2006,32847.61,"-2,11",151009054.0,-
12/06/2006,33554.52,"-4,33",131201515.0,-
09/06/2006,35074.63,"-1,02",78631649.0,-
08/06/2006,35437.78,"0,49",208851230.0,=
07/06/2006,35264.0,"-3,54",128218818.0,-
06/06/2006,36557.8,"-0,5",161537157.0,=
05/06/2006,36739.86,"-3,17",90084986.0,-
02/06/2006,37942.18,"0,51",180037181.0,+
01/06/2006,37748.3,"3,33",142618286.0,+
31/05/2006,36530.04,"0,32",188727050.0,=
30/05/2006,36412.51,"-4,54",143088117.0,-
29/05/2006,38145.15,"-1,25",32602554.0,-
26/05/2006,38629.71,"2,82",176939376.0,+
25/05/2006,37568.66,"4,96",157322823.0,+
24/05/2006,35791.96,"-0,88",191741542.0,-
23/05/2006,36110.0,"-1,06",211208744.0,-
22/05/2006,36496.92,"-3,28",233975848.0,-
19/05/2006,37732.86,"-0,2",210341171.0,=
18/05/2006,37807.15,"-1,26",184474112.0,-
17/05/2006,38290.68,"-2,86",214448578.0,-
16/05/2006,39416.44,"0,37",113943224.0,=
15/05/2006,39271.45,"-2,37",127759349.0,-
12/05/2006,40222.88,"-1,53",113590261.0,-
11/05/2006,40847.07,"-2,17",142971494.0,-
10/05/2006,41751.5,"-0,54",134097500.0,-
09/05/2006,41979.29,"1,12",349071360.0,+
08/05/2006,41515.49,"0,24",106210416.0,=
05/05/2006,41417.27,"1,08",140999598.0,+
04/05/2006,40975.78,"0,14",133379993.0,=
03/05/2006,40919.76,"-0,24",116267171.0,=
02/05/2006,41016.58,"1,62",121115904.0,+
28/04/2006,40363.42,"1,54",174159000.0,+
27/04/2006,39751.44,"-1,63",126511226.0,-
26/04/2006,40410.06,"1,69",104238336.0,+
25/04/2006,39738.07,"-0,03",72650613.0,=
24/04/2006,39751.3,"-0,06",84978933.0,=
20/04/2006,39774.59,"-0,41",120667289.0,=
19/04/2006,39937.74,"0,92",85190871.0,+
18/04/2006,39572.47,"2,89",134759557.0,+
17/04/2006,38462.48,"1,0",107046993.0,+
13/04/2006,38082.13,"-0,9",79024547.0,-
12/04/2006,38427.41,"1,39",177296363.0,+
11/04/2006,37901.19,"-1,49",137330718.0,-
10/04/2006,38474.73,"-1,16",120479354.0,-
07/04/2006,38926.49,"-0,91",169986078.0,-
06/04/2006,39285.04,"0,59",140738897.0,+
05/04/2006,39053.2,"0,65",158411776.0,+
04/04/2006,38802.26,"0,22",127325000.0,=
03/04/2006,38717.07,"2,02",95111598.0,+
31/03/2006,37951.97,"0,46",118953175.0,=
30/03/2006,37776.76,"0,76",114595338.0,+
29/03/2006,37491.57,"2,21",157244733.0,+
28/03/2006,36682.21,"-2,55",169626572.0,-
27/03/2006,37641.06,"0,17",122448230.0,=
24/03/2006,37577.05,"0,28",86825400.0,=
23/03/2006,37473.85,"-1,0",199645000.0,-
22/03/2006,37850.59,"1,21",104883712.0,+
21/03/2006,37398.01,"-2,11",134393139.0,-
20/03/2006,38203.53,"0,41",101770137.0,=
17/03/2006,38049.17,"-0,28",100442081.0,=
16/03/2006,38156.64,"-0,23",145578147.0,=
15/03/2006,38243.99,"1,87",144001904.0,+
14/03/2006,37541.49,"2,03",118399651.0,+
13/03/2006,36792.98,"-0,26",98367098.0,=
10/03/2006,36890.69,"1,59",82278353.0,+
09/03/2006,36312.27,"-2,62",112324423.0,-
08/03/2006,37289.08,"-0,36",139697459.0,=
07/03/2006,37422.58,"-2,43",150703000.0,-
06/03/2006,38353.98,"-2,26",125164902.0,-
03/03/2006,39239.75,"0,29",96082913.0,=
02/03/2006,39125.84,"-0,13",86849832.0,=
01/03/2006,39177.87,"1,47",79534725.0,+
24/02/2006,38610.39,"0,53",107627786.0,+
23/02/2006,38405.48,"0,42",110073825.0,=
22/02/2006,38246.4,"0,21",81858575.0,=
21/02/2006,38165.97,"-0,97",114117253.0,-
20/02/2006,38539.18,"0,31",73385154.0,=
17/02/2006,38421.83,"0,43",111938140.0,=
16/02/2006,38256.39,"2,73",176534036.0,+
15/02/2006,37239.3,"1,67",168414000.0,+
14/02/2006,36626.88,"1,42",157391851.0,+
13/02/2006,36113.95,"-2,33",130284881.0,-
10/02/2006,36975.27,"0,25",246046330.0,=
09/02/2006,36882.31,"1,05",199887810.0,+
08/02/2006,36499.41,"-0,17",142036725.0,=
07/02/2006,36561.7,"-2,04",111068661.0,-
06/02/2006,37321.2,"0,16",130707466.0,=
03/02/2006,37261.73,"-0,11",115442000.0,=
02/02/2006,37304.19,"-3,07",166775347.0,-
01/02/2006,38484.84,"0,27",263907614.0,=
31/01/2006,38382.8,"0,37",137331138.0,=
30/01/2006,38242.04,"1,11",103239987.0,+
27/01/2006,37822.22,"-0,51",146822778.0,-
26/01/2006,38014.36,"1,64",168271687.0,+
24/01/2006,37399.67,"2,1",108831866.0,+
23/01/2006,36631.75,"-0,17",104565678.0,=
20/01/2006,36694.65,"-0,44",124835338.0,=
19/01/2006,36858.19,"2,94",110280488.0,+
18/01/2006,35805.19,"-0,87",94828677.0,-
17/01/2006,36119.37,"-1,13",157514137.0,-
16/01/2006,36533.68,"1,77",63798338.0,+
13/01/2006,35897.12,"0,33",95438673.0,=
12/01/2006,35779.3,"-0,48",113635102.0,=
11/01/2006,35952.24,"2,58",147849451.0,+
10/01/2006,35049.42,"-0,81",136992000.0,-
09/01/2006,35337.33,"-0,39",108988323.0,=
06/01/2006,35475.02,"1,54",115093739.0,+
05/01/2006,34936.11,"-0,19",142069370.0,=
04/01/2006,35002.37,"1,34",147133296.0,+
03/01/2006,34540.58,"3,08",148377579.0,+
02/01/2006,33507.27,"0,15",72316779.0,=
29/12/2005,33455.94,"0,96",110339000.0,+
28/12/2005,33138.48,"-0,7",112691025.0,-
27/12/2005,33370.73,"0,22",73996815.0,=
26/12/2005,33297.52,"-0,1",21998525.0,=
23/12/2005,33331.26,"-0,54",49955312.0,-
22/12/2005,33512.86,"-0,01",74560619.0,=
21/12/2005,33517.05,"1,36",139102853.0,+
20/12/2005,33066.53,"0,19",112524554.0,=
19/12/2005,33005.27,"-0,86",115923916.0,-
16/12/2005,33291.82,"0,3",93624422.0,=
15/12/2005,33193.27,"-1,3",96480061.0,-
14/12/2005,33629.47,"0,63",155165460.0,+
13/12/2005,33419.65,"1,36",174914764.0,+
12/12/2005,32970.6,"0,15",97408839.0,=
09/12/2005,32921.76,"1,36",88678359.0,+
08/12/2005,32480.04,"-0,84",128834918.0,-
07/12/2005,32756.79,"-1,4",125445468.0,-
06/12/2005,33223.42,"1,6",141786388.0,+
05/12/2005,32701.17,"-0,4",110172696.0,=
02/12/2005,32832.45,"0,66",120765696.0,+
01/12/2005,32617.18,"2,19",144697221.0,+
30/11/2005,31916.76,"0,84",110286858.0,+
29/11/2005,31651.55,"0,94",79478016.0,+
28/11/2005,31357.55,"-1,76",89648035.0,-
25/11/2005,31919.66,"-0,08",55339048.0,=
24/11/2005,31944.73,"0,01",84726389.0,=
23/11/2005,31942.56,"1,44",113461000.0,+
22/11/2005,31489.01,"1,22",112839034.0,+
21/11/2005,31110.07,"0,02",76589834.0,=
18/11/2005,31102.37,"0,05",61748889.0,=
17/11/2005,31087.0,"1,98",74026828.0,+
16/11/2005,30482.12,"0,87",66158397.0,+
14/11/2005,30218.88,"-0,96",35508869.0,-
11/11/2005,30510.89,"-0,7",69369518.0,-
10/11/2005,30724.6,"0,19",135366778.0,=
09/11/2005,30666.07,"-0,98",71384642.0,-
08/11/2005,30970.6,"0,06",75752238.0,=
07/11/2005,30952.24,"0,21",102682818.0,=
04/11/2005,30887.5,"-0,68",96989429.0,-
03/11/2005,31099.97,"0,65",118570997.0,+
01/11/2005,30899.71,"2,34",133760829.0,+
31/10/2005,30193.51,"2,99",103805726.0,+
28/10/2005,29318.18,"0,64",96844912.0,+
27/10/2005,29132.52,"-2,01",98536540.0,-
26/10/2005,29729.97,"0,79",127606456.0,+
25/10/2005,29498.03,"-1,13",107334072.0,-
24/10/2005,29834.99,"2,26",101454120.0,+
21/10/2005,29175.79,"2,93",126537748.0,+
20/10/2005,28344.08,"-3,25",151793295.0,-
19/10/2005,29297.11,"0,79",131576023.0,+
18/10/2005,29067.91,"-3,88",115750021.0,-
17/10/2005,30241.61,"1,58",115256473.0,+
14/10/2005,29770.22,"-0,37",112510484.0,=
13/10/2005,29880.04,"-2,4",166343331.0,-
11/10/2005,30614.23,"1,11",148294031.0,+
10/10/2005,30277.22,"1,02",106641489.0,+
07/10/2005,29972.99,"2,55",115583406.0,+
06/10/2005,29227.4,"-3,1",167103242.0,-
05/10/2005,30163.52,"-3,58",122332979.0,-
04/10/2005,31283.83,"-1,8",197573877.0,-
03/10/2005,31856.13,"0,86",139644692.0,+
30/09/2005,31583.79,"1,2",134155520.0,+
29/09/2005,31208.82,"-0,35",122122670.0,=
28/09/2005,31317.24,"1,43",127065128.0,+
27/09/2005,30874.94,"-0,86",126119546.0,-
26/09/2005,31141.2,"-0,49",133018132.0,=
23/09/2005,31294.11,"2,01",242241474.0,+
22/09/2005,30678.43,"-0,52",113986109.0,-
21/09/2005,30837.29,"2,59",159288135.0,+
20/09/2005,30058.99,"-0,06",179787632.0,=
19/09/2005,30076.02,"0,87",140100280.0,+
16/09/2005,29815.83,"1,53",91358289.0,+
15/09/2005,29366.24,"1,09",102836715.0,+
14/09/2005,29049.99,"0,61",106961674.0,+
13/09/2005,28873.3,"-0,73",94850652.0,-
12/09/2005,29086.48,"-0,76",61766927.0,-
09/09/2005,29307.91,"1,66",87445104.0,+
08/09/2005,28828.06,"-0,09",58772746.0,=
06/09/2005,28854.92,"1,17",87363153.0,+
05/09/2005,28522.0,"0,72",46126909.0,+
02/09/2005,28319.11,"1,28",109496238.0,+
01/09/2005,27962.19,"-0,29",102018519.0,=
31/08/2005,28044.83,"1,6",149620398.0,+
30/08/2005,27603.74,"0,8",69510819.0,+
29/08/2005,27384.83,"1,07",61089090.0,+
26/08/2005,27094.61,"-1,12",74289556.0,-
25/08/2005,27401.63,"2,58",105796003.0,+
24/08/2005,26712.38,"-0,21",96055091.0,=
23/08/2005,26769.28,"-1,8",66393159.0,-
22/08/2005,27260.68,"2,32",87557427.0,+
19/08/2005,26643.77,"-0,95",188772208.0,-
18/08/2005,26899.74,"-1,88",105879951.0,-
17/08/2005,27416.12,"1,24",231510097.0,+
16/08/2005,27080.1,"-1,08",127777679.0,-
15/08/2005,27375.02,"1,57",136160696.0,+
12/08/2005,26950.74,"1,19",133059532.0,+
11/08/2005,26633.12,"-1,78",148339148.0,-
10/08/2005,27116.92,"-0,64",143984486.0,-
09/08/2005,27291.44,"2,17",87223296.0,+
08/08/2005,26711.19,"0,73",86052249.0,+
05/08/2005,26517.92,"0,18",81666391.0,=
04/08/2005,26469.9,"-0,91",75293056.0,-
03/08/2005,26714.07,"-0,28",120846100.0,=
02/08/2005,26788.54,"1,87",111578675.0,+
01/08/2005,26298.07,"0,98",105831884.0,+
29/07/2005,26042.36,"-0,1",115050414.0,=
28/07/2005,26068.37,"2,88",144822599.0,+
27/07/2005,25337.82,"1,89",150584770.0,+
26/07/2005,24868.47,"1,38",158977792.0,+
25/07/2005,24530.79,"-3,39",218222714.0,-
22/07/2005,25391.23,"-1,75",166885888.0,-
21/07/2005,25842.37,"0,54",109495808.0,+
20/07/2005,25704.76,"1,72",130630492.0,+
19/07/2005,25270.6,"-0,2",119273000.0,=
18/07/2005,25321.08,"0,39",52167004.0,=
15/07/2005,25221.53,"-2,69",72880506.0,-
14/07/2005,25919.95,"0,25",113349703.0,=
13/07/2005,25855.91,"1,25",107276482.0,+
12/07/2005,25536.25,"2,08",94906429.0,+
11/07/2005,25015.58,"2,43",100419164.0,+
08/07/2005,24422.91,"-0,11",142731315.0,=
07/07/2005,24449.51,"-0,27",103321221.0,=
06/07/2005,24516.86,"-0,64",135926558.0,-
05/07/2005,24674.77,"-1,48",154505164.0,-
04/07/2005,25044.53,"-1,05",28090739.0,-
01/07/2005,25311.44,"1,04",51030958.0,+
30/06/2005,25051.21,"-0,3",70919480.0,=
29/06/2005,25126.36,"-0,53",53117276.0,-
28/06/2005,25261.04,"0,14",71917916.0,=
27/06/2005,25225.77,"1,24",60288286.0,+
24/06/2005,24916.91,"0,41",57685867.0,=
23/06/2005,24815.58,"-3,36",150375178.0,-
22/06/2005,25678.25,"-0,17",82464035.0,=
21/06/2005,25721.68,"-1,24",113727344.0,-
20/06/2005,26045.5,"-0,18",74115476.0,=
17/06/2005,26092.88,"1,33",151340728.0,+
16/06/2005,25750.53,"1,06",112945797.0,+
