Date,Quantidade
2015-03-01,44
2015-02-27,126
2015-02-28,58
2012-06-04,391
2015-02-26,126
2015-02-25,115
2015-02-24,109
2015-02-23,98
2015-02-22,35
2015-02-21,34
2015-02-20,74
2015-02-19,72
2015-02-17,39
2015-02-18,69
2015-02-16,35
2015-02-15,37
2014-10-20,115
2015-02-13,94
2012-06-26,459
2012-09-03,370
2012-06-25,423
2012-08-30,537
2012-06-20,413
2012-06-19,406
2012-08-21,402
2012-08-17,363
2012-06-18,391
2012-08-15,465
2012-06-05,444
2015-02-14,27
2015-02-12,83
2015-02-11,95
2015-02-10,95
2015-02-09,93
2015-02-08,60
2015-02-07,23
2015-02-06,94
2015-02-05,90
2015-02-04,93
2015-02-03,96
2015-02-02,92
2015-02-01,53
2015-01-31,26
2015-01-30,99
2015-01-28,100
2015-01-27,92
2015-01-26,91
2015-01-25,33
2015-01-24,40
2015-01-23,93
2015-01-22,85
2015-01-21,104
2015-01-20,90
2015-01-19,100
2015-01-18,34
2015-01-17,27
2015-01-16,85
2015-01-15,86
2015-01-14,82
2015-01-13,79
2015-01-12,88
2015-01-11,42
2015-01-10,15
2015-01-09,93
2015-01-08,85
2015-01-07,76
2015-01-06,74
2015-01-29,89
2014-08-25,120
2014-08-04,101
2014-10-18,50
2014-11-25,147
2015-01-05,79
2012-06-29,441
2012-09-14,408
2012-09-13,422
2012-06-28,520
2012-09-12,426
2012-09-11,402
2012-09-10,370
2012-06-27,553
2012-09-07,170
2012-09-06,408
2012-09-05,390
2012-01-02,225
2011-12-30,152
2011-12-26,178
2011-12-25,49
2011-12-23,199
2012-07-18,382
2012-07-17,376
2012-07-16,423
2012-07-15,91
2012-07-14,80
2012-07-13,329
2012-07-12,435
2012-07-11,486
2012-07-10,407
2012-07-09,349
2012-07-08,78
2012-07-07,76
2012-07-06,337
2012-07-05,431
2012-07-04,448
2012-07-03,454
2012-07-02,382
2012-09-17,399
2012-07-01,77
2012-01-04,264
2012-01-03,237
2015-01-02,73
2015-01-01,42
2014-12-31,46
2014-12-30,89
2014-12-29,63
2014-12-28,34
2014-12-26,41
2014-12-25,26
2014-12-24,45
2014-12-23,74
2014-12-22,73
2014-12-21,35
2014-12-20,41
2014-12-19,97
2014-12-18,86
2014-12-17,117
2014-12-16,108
2014-12-15,89
2014-12-14,42
2014-12-12,99
2014-12-11,98
2014-12-10,101
2014-12-09,93
2014-12-08,97
2014-12-07,44
2014-12-05,118
2014-12-04,111
2014-12-03,155
2014-12-02,110
2014-12-01,119
2014-11-28,153
2014-11-27,154
2014-11-26,146
2014-11-24,137
2015-01-04,41
2015-01-03,28
2014-12-27,27
2014-11-18,128
2014-11-17,123
2014-11-14,142
2014-11-13,130
2014-11-11,95
2014-11-03,127
2014-10-15,121
2014-10-14,127
2014-10-09,118
2014-10-08,142
2014-10-07,117
2014-10-02,142
2014-09-30,146
2014-09-29,118
2014-09-26,126
2014-12-13,34
2014-10-17,120
2012-08-16,472
2012-05-31,411
2012-05-30,452
2014-12-06,26
2014-11-30,38
2014-11-29,26
2014-11-23,62
2014-11-19,131
2014-08-14,114
2014-11-20,89
2012-01-27,352
2012-01-09,228
2012-01-05,251
2014-11-21,137
2014-11-16,76
2014-11-12,107
2014-11-10,85
2014-11-09,31
2014-11-08,15
2014-11-07,85
2014-11-06,143
2014-11-05,117
2014-11-04,98
2014-11-02,47
2014-10-31,121
2014-10-30,119
2014-10-29,153
2014-10-28,99
2014-10-27,124
2014-10-26,57
2014-10-24,107
2014-10-23,116
2014-10-22,121
2014-10-21,114
2014-10-19,36
2014-10-16,109
2014-10-13,102
2014-10-10,107
2014-10-06,99
2014-10-05,34
2014-10-04,25
2014-10-03,114
2014-10-01,145
2014-09-28,41
2014-09-27,41
2014-09-25,123
2014-09-24,142
2014-09-23,115
2014-09-22,119
2014-11-15,40
2014-11-01,27
2014-10-12,33
2014-09-05,124
2014-11-22,45
2012-02-02,345
2014-09-21,46
2014-09-20,50
2014-09-19,114
2014-09-18,140
2014-09-17,114
2014-09-16,111
2014-09-15,134
2014-09-14,44
2014-09-12,108
2014-09-11,142
2014-09-10,119
2014-09-09,127
2014-09-08,122
2014-09-07,44
2014-09-04,125
2014-09-03,142
2014-09-02,140
2014-09-01,119
2014-08-31,62
2014-08-29,140
2014-08-28,147
2014-08-27,114
2014-08-26,133
2014-08-22,129
2014-08-21,88
2014-08-20,99
2014-08-19,107
2014-08-18,92
2014-08-16,10
2014-08-15,113
2014-08-13,133
2014-08-12,110
2014-10-25,20
2014-08-11,122
2014-08-09,16
2014-08-08,140
2014-08-07,146
2014-09-13,39
2014-09-06,25
2014-08-30,37
2014-08-23,27
2014-08-17,22
2012-08-14,535
2012-08-13,389
2012-08-12,79
2012-08-11,65
2012-08-10,370
2012-08-09,483
2012-08-08,512
2012-08-07,435
2012-08-06,457
2012-08-02,501
2012-08-01,453
2012-07-31,556
2012-07-30,361
2012-07-23,432
2012-07-22,92
2012-07-21,60
2012-07-20,464
2012-07-19,415
2014-08-10,26
2014-10-11,40
2014-07-03,138
2014-08-05,132
2014-07-29,125
2012-02-26,63
2012-02-21,156
2012-02-16,337
2012-02-13,316
2012-02-11,52
2012-02-10,322
2014-08-06,141
2014-08-03,29
2014-08-02,21
2014-08-01,134
2014-07-31,119
2014-07-30,129
2014-07-28,128
2014-07-27,38
2014-07-26,16
2014-07-25,106
2014-07-24,92
2014-07-23,120
2014-07-22,99
2014-07-21,85
2014-07-20,26
2014-07-19,12
2014-07-18,94
2014-07-17,108
2014-07-16,134
2014-07-15,119
2014-07-14,125
2014-07-13,36
2014-07-11,118
2014-07-10,108
2014-07-09,75
2014-07-08,113
2014-07-07,128
2014-07-06,39
2014-07-05,36
2014-07-04,110
2014-07-02,153
2014-07-01,130
2014-08-24,40
2014-06-30,126
2014-06-29,43
2014-06-28,18
2014-06-27,138
2014-06-26,145
2014-06-25,132
2014-06-24,158
2014-06-23,141
2014-06-22,45
2014-06-21,40
2014-06-20,81
2014-07-12,28
2012-08-29,527
2012-08-28,463
2012-08-27,388
2012-08-26,102
2012-08-25,71
2012-08-24,340
2012-08-23,445
2012-08-22,431
2012-08-20,383
2012-08-19,98
2013-09-09,302
2011-12-01,370
2014-04-28,181
2012-04-30,257
2012-04-25,359
2012-04-16,290
2012-04-13,293
2012-04-10,325
2012-04-09,257
2012-04-03,363
2012-02-29,306
2014-06-19,62
2014-06-18,141
2014-06-17,116
2014-06-16,115
2014-06-15,38
2014-06-14,29
2014-06-13,98
2014-06-12,75
2014-06-11,127
2014-06-10,126
2014-06-09,130
2014-06-07,30
2014-06-06,129
2014-06-05,130
2014-06-04,128
2014-06-03,101
2014-06-02,101
2014-06-01,49
2014-05-31,47
2014-05-30,214
2014-05-29,253
2014-05-28,215
2014-05-27,242
2014-05-26,188
2014-05-25,55
2014-05-23,205
2014-05-22,200
2014-05-21,199
2014-05-20,164
2014-05-19,187
2014-05-18,76
2014-05-17,56
2014-05-16,186
2014-05-15,233
2014-05-14,237
2014-05-13,210
2014-05-12,189
2014-05-11,52
2014-05-10,54
2014-05-09,155
2014-05-08,198
2014-05-07,167
2014-05-06,168
2014-05-05,142
2014-05-03,25
2014-05-02,123
2014-05-01,74
2014-04-30,187
2014-04-29,185
2014-04-27,36
2014-04-26,45
2014-04-25,143
2014-04-24,141
2014-04-23,144
2014-04-22,134
2014-04-21,47
2014-04-18,43
2014-04-17,133
2014-04-16,146
2014-04-15,168
2014-04-14,142
2014-04-13,58
2014-04-12,48
2014-04-11,146
2014-04-10,166
2014-04-09,152
2014-04-08,152
2014-04-07,127
2014-04-06,33
2014-04-05,31
2014-04-04,124
2014-04-03,138
2014-04-02,158
2014-04-01,156
2014-03-31,144
2014-06-08,27
2014-03-30,31
2014-03-29,38
2014-03-28,135
2014-03-27,172
2014-03-26,159
2014-03-25,161
2014-03-24,173
2014-03-22,47
2014-03-21,121
2014-03-20,120
2014-03-19,148
2014-03-18,177
2014-03-17,141
2014-03-16,42
2014-03-15,34
2014-03-14,139
2014-03-13,149
2014-03-12,162
2014-03-11,131
2014-05-24,57
2014-03-10,121
2014-03-09,39
2014-03-08,34
2014-03-07,113
2014-03-06,119
2014-03-05,84
2014-03-04,48
2014-03-03,35
2014-03-02,25
2014-03-01,28
2014-02-28,121
2014-02-27,158
2014-02-26,143
2014-02-25,122
2014-02-24,122
2014-02-22,41
2014-02-21,133
2014-02-20,147
2014-02-19,163
2014-02-18,136
2014-02-17,131
2014-02-15,41
2014-02-14,146
2014-02-13,154
2014-02-12,143
2014-02-11,131
2014-02-10,139
2014-02-08,39
2014-02-07,157
2014-02-06,131
2013-07-24,297
2013-12-06,149
2012-05-04,300
2012-05-03,357
2012-05-02,300
2014-05-04,28
2014-04-20,31
2014-04-19,36
2014-03-23,36
2014-02-23,54
2014-02-16,40
2014-02-09,32
2012-12-11,403
2012-12-10,361
2012-12-05,418
2012-12-04,381
2012-12-03,383
2012-11-29,405
2012-11-28,444
2012-11-27,360
2012-11-23,352
2012-11-22,336
2012-11-21,330
2012-11-20,268
2012-11-19,300
2012-11-17,62
2012-11-16,252
2012-11-15,149
2012-11-14,415
2012-11-13,389
2012-11-12,358
2012-11-10,87
2012-11-09,374
2012-11-08,358
2012-11-07,399
2012-11-06,352
2012-11-05,356
2012-11-04,65
2012-11-02,147
2012-11-01,363
2012-10-31,432
2012-10-30,341
2012-10-29,319
2012-10-28,69
2012-10-27,54
2012-10-26,324
2012-12-28,290
2012-12-27,313
2012-09-27,426
2012-09-26,367
2012-09-25,400
2012-09-24,352
2012-09-23,91
2012-09-20,369
2012-09-19,361
2012-09-18,417
2012-09-16,54
2012-09-09,65
2012-09-04,409
2012-09-02,75
2012-09-01,100
2012-08-31,435
2014-02-05,142
2014-01-21,122
2012-05-10,392
2012-05-09,360
2014-02-04,147
2014-02-03,134
2014-02-02,30
2014-02-01,40
2014-01-31,143
2014-01-30,174
2014-01-29,176
2014-01-28,153
2014-01-27,145
2014-01-24,155
2014-01-23,177
2014-01-22,162
2014-01-20,145
2014-01-19,40
2014-01-18,50
2014-01-17,118
2014-01-16,142
2014-01-15,158
2014-01-14,158
2014-01-13,129
2014-01-12,41
2014-01-11,44
2014-01-10,159
2014-01-09,149
2014-01-08,147
2014-01-07,125
2014-01-06,139
2014-01-05,25
2014-01-04,38
2014-01-03,98
2014-01-02,108
2014-01-01,41
2013-12-31,67
2013-12-30,87
2013-12-29,32
2013-12-27,112
2013-12-26,105
2013-12-25,29
2013-12-23,116
2013-12-22,44
2013-12-21,36
2013-12-20,154
2013-12-19,169
2013-12-18,187
2013-12-17,167
2013-12-16,162
2013-12-15,29
2013-12-14,33
2013-12-13,157
2013-12-12,156
2013-12-11,183
2013-12-10,196
2013-12-09,173
2013-12-08,35
2013-12-07,65
2013-12-05,190
2013-12-04,185
2013-12-03,162
2013-12-02,152
2013-12-01,43
2013-11-30,44
2013-11-29,150
2013-11-28,168
2013-11-27,214
2013-11-26,177
2013-11-25,176
2013-11-24,58
2013-11-23,75
2013-11-22,191
2013-11-21,181
2013-11-20,141
2013-11-19,186
2013-11-18,183
2013-11-17,32
2013-11-16,67
2013-11-15,108
2013-11-14,224
2013-11-13,192
2013-11-12,181
2013-11-11,168
2013-11-10,59
2013-11-09,41
2013-11-08,206
2013-11-07,173
2013-11-06,212
2013-11-05,199
2013-11-04,172
2013-11-02,44
2013-11-01,194
2013-10-31,196
2013-10-30,234
2013-10-29,171
2013-10-28,198
2013-10-26,97
2013-10-25,199
2013-10-24,175
2013-10-23,180
2013-10-22,204
2013-10-21,361
2013-10-19,113
2013-10-18,274
2013-10-17,318
2013-10-16,386
2013-10-15,283
2013-10-14,321
2013-10-12,89
2013-10-11,308
2013-10-10,315
2013-10-09,355
2013-10-08,369
2013-10-07,280
2013-10-05,55
2013-10-04,247
2013-10-03,305
2013-10-02,331
2013-10-01,318
2013-09-30,329
2013-09-29,83
2013-09-28,107
2013-09-27,262
2013-09-26,271
2013-09-25,301
2013-09-24,273
2013-09-23,308
2013-09-22,42
2013-09-21,85
2013-09-20,286
2013-09-19,328
2013-09-18,378
2013-09-17,289
2013-09-16,280
2013-09-15,58
2013-09-14,66
2013-09-13,251
2013-09-12,361
2013-09-11,297
2014-01-26,24
2014-01-25,41
2013-09-10,315
2013-12-28,27
2013-12-24,61
2013-11-03,32
2013-10-27,16
2013-10-20,49
2013-10-13,44
2013-10-06,45
2013-03-14,346
2013-03-13,316
2013-03-12,360
2013-03-11,312
2013-03-10,60
2013-03-08,331
2013-03-07,408
2013-03-06,390
2013-03-05,355
2013-03-04,312
2013-03-01,400
2013-02-28,376
2013-02-27,388
2013-02-26,351
2013-02-25,338
2013-02-24,48
2013-02-23,69
2013-02-22,326
2013-02-21,382
2013-02-20,393
2013-02-19,382
2013-02-18,299
2013-02-15,299
2013-02-14,286
2013-02-13,265
2013-02-12,110
2013-02-11,100
2013-02-08,293
2013-02-07,325
2013-02-06,334
2013-02-05,425
2013-02-04,334
2013-02-03,69
2013-02-02,52
2013-02-01,379
2013-01-31,370
2013-01-30,388
2012-12-21,275
2013-01-03,249
2013-01-02,225
2013-01-01,75
2012-12-31,117
2012-12-30,69
2012-12-24,127
2012-12-20,333
2012-12-19,389
2012-12-18,382
2012-12-14,356
2012-12-12,406
2013-09-06,293
2013-08-30,311
2012-05-18,302
2012-05-15,388
2012-05-14,296
2012-05-11,312
2013-09-07,64
2013-09-05,325
2013-09-04,281
2013-09-03,206
2013-09-02,304
2013-08-31,93
2013-08-29,266
2013-08-28,376
2013-08-27,323
2013-08-26,345
2013-08-24,73
2013-08-23,295
2013-08-22,309
2013-08-21,324
2013-08-20,288
2013-08-19,287
2013-08-18,41
2013-08-17,95
2013-08-16,273
2013-08-15,315
2013-08-14,375
2013-08-13,289
2013-08-12,308
2013-08-11,41
2013-08-10,86
2013-08-09,302
2013-08-08,350
2013-08-07,341
2013-08-06,320
2013-08-05,336
2013-08-04,40
2013-08-03,118
2013-08-02,242
2013-08-01,340
2013-07-31,300
2013-07-30,301
2013-07-29,272
2013-07-28,43
2013-07-27,55
2013-07-26,205
2013-07-25,300
2013-07-23,290
2013-07-22,274
2013-07-21,52
2013-07-20,123
2013-07-19,232
2013-07-18,273
2013-07-17,303
2013-07-16,301
2013-07-15,308
2013-07-14,53
2013-07-13,70
2013-07-12,259
2013-07-11,283
2013-07-10,343
2013-07-09,252
2013-07-08,302
2013-07-07,46
2013-07-06,60
2013-07-05,250
2013-07-04,293
2013-07-03,292
2013-07-02,277
2013-07-01,263
2011-02-15,390
2011-02-14,338
2012-06-22,375
2011-02-11,274
2012-06-17,92
2011-02-10,333
2012-06-14,421
2012-06-13,388
2011-02-09,410
2012-06-12,409
2012-06-11,383
2011-02-08,335
2012-06-10,66
2012-06-08,265
2012-05-28,283
2012-05-27,76
2012-05-26,62
2012-05-25,289
2012-05-24,358
2012-05-22,425
2012-05-08,347
2012-05-07,329
2012-05-06,73
2013-09-08,42
2013-09-01,36
2013-08-25,44
2013-04-24,360
2013-04-23,324
2013-04-19,271
2013-04-18,324
2013-04-17,348
2013-04-16,334
2013-04-15,316
2013-04-14,47
2013-04-13,70
2013-04-12,281
2013-04-11,267
2013-04-10,302
2013-04-09,329
2013-04-08,286
2013-04-07,41
2013-04-06,55
2013-04-05,290
2013-04-04,299
2013-04-03,320
2013-04-01,278
2013-03-29,99
2013-03-28,326
2013-03-27,372
2013-03-26,354
2013-03-25,314
2013-03-19,322
2013-03-18,338
2013-03-15,321
2012-05-23,339
2012-05-21,340
2012-05-17,303
2012-05-16,340
2013-01-04,280
2013-06-30,30
2013-06-29,54
2013-06-28,254
2013-06-27,293
2013-06-26,260
2013-06-25,285
2013-06-24,241
2013-06-23,36
2013-06-22,51
2013-06-21,215
2013-06-20,267
2013-06-19,253
2013-06-18,253
2013-06-17,241
2013-06-16,46
2013-06-15,50
2013-06-14,242
2013-06-13,272
2013-06-12,305
2013-06-11,283
2013-06-10,295
2013-06-09,52
2013-06-08,63
2013-06-07,258
2013-06-06,311
2013-06-05,353
2013-06-04,267
2013-06-03,265
2013-06-02,47
2013-06-01,63
2013-05-31,235
2013-05-30,121
2013-05-29,339
2013-05-28,308
2013-05-27,231
2013-05-26,44
2013-05-25,40
2013-05-24,235
2013-05-23,299
2013-05-22,328
2013-05-21,292
2013-05-20,298
2013-05-19,52
2013-05-18,47
2013-05-17,260
2013-05-16,311
2013-05-15,316
2013-05-14,366
2013-05-13,287
2013-05-12,45
2013-05-11,64
2013-05-10,274
2013-05-09,332
2013-05-08,377
2013-05-07,345
2013-05-06,271
2013-05-05,53
2013-05-04,64
2013-05-03,251
2013-05-02,315
2013-05-01,124
2013-04-30,341
2013-04-29,355
2013-04-28,58
2013-04-27,62
2013-04-26,275
2013-04-25,353
2013-04-22,281
2013-04-21,40
2013-04-20,77
2013-04-02,333
2013-03-31,81
2013-03-30,44
2013-03-24,95
2013-03-23,58
2013-03-22,265
2013-03-21,333
2013-03-20,335
2013-03-17,99
2013-03-16,71
2013-03-09,64
2013-03-03,51
2013-03-02,66
2013-02-17,56
2013-02-10,28
2013-02-09,39
2013-02-16,89
2012-05-13,88
2012-03-13,308
2012-03-12,250
2012-03-11,51
2012-03-08,302
2012-03-07,320
2012-03-05,276
2012-03-04,53
2012-03-02,221
2012-03-01,358
2012-02-25,82
2012-02-24,276
2012-02-23,287
2012-02-22,210
2012-02-20,135
2012-02-15,338
2012-02-14,324
2012-02-09,387
2012-02-08,302
2012-02-07,306
2012-02-06,346
2012-02-05,52
2012-02-03,278
2012-02-01,362
2013-01-29,346
2013-01-28,318
2013-01-27,73
2013-01-26,71
2013-01-25,249
2013-01-24,342
2013-01-23,351
2013-01-22,343
2013-01-21,287
2013-01-20,50
2013-01-19,46
2013-01-18,289
2013-01-17,320
2013-01-16,365
2013-01-15,329
2013-01-14,354
2013-01-13,53
2013-01-12,40
2013-01-11,291
2013-01-10,381
2013-01-09,297
2013-01-08,293
2013-01-07,298
2013-01-06,57
2013-01-05,48
2012-10-22,361
2012-09-29,90
2012-12-29,60
2012-12-25,71
2012-12-23,78
2012-12-07,344
2012-12-02,70
2012-12-26,245
2012-05-01,171
2012-04-29,86
2012-04-28,68
2012-04-27,277
2012-04-26,369
2012-04-24,335
2012-04-23,309
2012-04-22,96
2012-04-21,69
2012-04-20,302
2012-04-19,343
2012-04-18,366
2012-04-17,400
2012-04-12,300
2012-04-11,265
2012-04-08,47
2012-04-06,93
2012-04-05,248
2012-04-04,302
2012-04-02,280
2012-03-31,74
2012-03-29,355
2012-03-28,310
2012-03-27,306
2012-03-26,290
2012-03-24,45
2012-03-23,289
2012-03-22,302
2012-03-21,359
2012-03-20,271
2012-03-19,242
2012-03-18,81
2012-03-16,247
2012-03-15,341
2012-03-03,51
2012-02-04,47
2012-01-31,365
2012-01-30,314
2012-01-29,66
2012-01-26,340
2012-01-25,292
2012-01-24,348
2012-01-23,336
2012-01-22,77
2012-01-20,228
2012-01-19,322
2012-01-18,325
2012-01-17,288
2012-01-16,307
2012-01-15,85
2012-01-12,311
2012-01-11,287
2012-01-10,258
2012-01-06,242
2012-01-01,59
2011-12-29,223
2011-12-28,178
2011-12-27,221
2011-12-22,286
2011-12-21,310
2011-12-20,289
2011-12-19,232
2011-12-18,76
2011-12-17,63
2011-12-16,291
2011-12-15,319
2011-12-14,329
2011-12-13,289
2011-12-12,255
2011-12-10,64
2011-12-09,322
2011-12-07,357
2011-12-02,341
2011-11-30,387
2011-11-29,360
2011-11-28,318
2011-11-26,77
2011-11-25,303
2011-11-24,365
2011-11-23,422
2011-11-22,392
2011-11-21,410
2011-11-18,302
2011-11-17,373
2011-11-16,342
2011-11-15,154
2011-11-14,244
2011-10-14,368
2011-10-13,431
2012-12-22,55
2012-12-17,333
2012-12-13,373
2012-12-09,79
2012-12-08,62
2012-12-06,406
2012-11-30,383
2012-11-26,377
2012-10-25,384
2012-10-24,401
2012-10-23,341
2012-10-21,79
2012-10-20,61
2012-10-19,313
2012-10-18,448
2012-10-17,431
2012-10-16,379
2012-10-15,366
2012-10-11,319
2012-10-10,429
2012-10-09,372
2012-10-08,373
2012-10-06,59
2012-10-05,306
2012-10-04,364
2012-10-03,329
2012-10-02,330
2012-10-01,364
2012-09-30,85
2012-09-28,361
2012-09-21,334
2012-08-18,70
2012-08-05,80
2012-08-03,409
2012-07-29,93
2012-07-28,56
2012-07-27,416
2012-07-26,501
2012-07-25,446
2012-07-24,446
2012-06-30,72
2012-06-21,422
2012-06-07,212
2012-06-02,74
2012-05-29,383
2012-12-16,67
2012-12-15,61
2012-12-01,88
2012-11-25,87
2012-11-24,55
2012-11-18,65
2012-11-11,55
2012-11-03,40
2012-10-14,63
2012-10-13,70
2012-10-12,147
2012-10-07,62
2012-09-22,80
2012-09-08,66
2012-06-24,88
2012-06-23,57
2012-06-16,77
2012-06-15,393
2012-06-09,98
2012-06-06,430
2012-06-01,432
2012-01-13,294
2012-01-08,59
2011-12-31,38
2011-12-24,36
2011-12-11,47
2011-12-08,340
2011-11-27,81
2011-11-13,113
2011-11-12,75
2011-11-11,349
2011-11-10,456
2011-11-09,370
2011-11-08,332
2011-11-07,338
2011-11-06,67
2011-11-05,57
2011-11-04,339
2011-11-03,427
2011-11-02,222
2011-11-01,385
2011-10-31,330
2011-10-30,71
2011-10-28,328
2011-10-27,420
2011-10-26,407
2011-10-25,368
2011-10-24,307
2011-10-23,64
2011-10-21,289
2011-10-20,359
2011-10-19,427
2011-10-18,424
2011-10-17,374
2011-10-16,67
2011-10-12,165
2011-10-11,443
2011-10-10,344
2011-10-09,66
2011-10-07,360
2011-10-06,404
2011-10-05,456
2011-10-04,442
2011-10-03,424
2011-10-02,75
2011-10-01,64
2011-09-30,385
2011-09-29,427
2011-09-28,359
2011-09-27,432
2011-09-26,376
2011-09-25,82
2011-09-24,102
2011-09-23,307
2011-09-22,420
2011-09-21,450
2011-09-20,488
2011-09-19,425
2011-09-18,82
2011-09-17,80
2011-09-16,395
2011-09-15,424
2011-09-14,481
2011-09-13,438
2011-09-12,408
2011-09-11,91
2011-09-10,78
2011-09-09,335
2011-09-08,393
2011-09-07,172
2011-09-06,407
2011-09-05,292
2011-09-04,68
2011-09-02,390
2011-09-01,409
2011-08-31,430
2011-08-30,383
2011-08-29,374
2011-08-28,55
2011-08-27,134
2011-08-26,366
2011-08-25,358
2011-08-24,390
2011-08-23,419
2011-08-22,350
2011-08-21,63
2011-08-15,372
2011-08-14,56
2011-08-11,469
2011-08-10,446
2011-08-09,442
2011-08-08,477
2011-08-07,116
2011-08-06,109
2011-08-05,417
2011-08-04,428
2011-08-03,420
2011-08-02,460
2011-08-01,395
2011-07-31,90
2011-07-30,76
2011-07-29,408
2011-07-27,427
2011-07-26,419
2011-07-25,376
2011-07-20,380
2011-07-19,322
2011-07-18,305
2011-07-14,364
2011-07-13,442
2011-07-12,449
2011-07-11,382
2011-07-08,367
2011-07-07,389
2011-07-05,368
2011-07-04,339
2011-07-01,331
2011-06-27,355
2011-06-22,358
2011-06-21,337
2011-06-15,377
2011-06-10,321
2011-06-09,326
2011-06-05,63
2011-06-01,399
2011-05-27,289
2011-05-20,293
2011-05-19,357
2011-05-18,376
2011-05-17,377
2011-05-16,392
2011-05-15,64
2011-05-13,370
2011-05-12,414
2011-05-10,378
2011-05-09,325
2011-05-05,364
2011-05-02,284
2011-04-27,421
2011-04-19,330
2011-04-18,326
2011-04-13,382
2011-04-12,345
2011-04-11,340
2011-04-07,402
2011-03-31,354
2011-03-30,340
2011-03-25,343
2011-03-23,317
2011-03-16,367
2011-03-15,353
2011-03-14,345
2011-03-09,238
2011-03-08,107
2011-03-04,306
2011-03-03,429
2011-02-25,336
2012-02-17,257
2012-01-14,84
2012-01-07,45
2012-09-15,71
2012-08-04,66
2012-06-03,66
2012-05-20,71
2012-05-19,64
2012-05-12,73
2012-05-05,64
2011-07-28,463
2011-07-24,60
2011-07-22,348
2011-07-21,403
2011-07-17,58
2011-07-15,303
2011-07-10,77
2011-07-06,376
2011-07-02,54
2011-06-30,394
2011-06-29,442
2011-06-28,451
2011-06-26,67
2011-06-25,62
2011-06-24,219
2011-06-23,148
2011-06-20,333
2011-06-19,80
2011-06-17,392
2011-06-16,375
2011-06-14,380
2011-06-13,317
2011-06-12,103
2011-06-11,53
2011-06-08,369
2011-06-07,364
2011-06-06,319
2011-06-02,361
2011-05-31,370
2011-05-30,317
2011-05-29,76
2011-05-26,383
2011-05-25,369
2011-05-24,347
2011-05-23,319
2011-05-22,58
2011-05-14,57
2011-05-11,413
2011-05-04,363
2011-05-03,391
2011-05-01,66
2011-04-29,377
2011-04-28,449
2011-04-26,400
2011-04-25,286
2011-04-24,58
2011-04-22,66
2011-04-21,139
2011-04-20,402
2011-04-17,96
2011-04-14,339
2011-04-10,67
2011-04-08,288
2011-04-06,347
2011-04-05,362
2011-04-04,340
2011-04-03,61
2011-04-02,49
2011-04-01,338
2011-03-29,389
2011-03-28,359
2011-03-24,372
2011-03-22,377
2011-03-18,305
2011-03-17,354
2011-03-11,307
2011-03-10,374
2011-03-07,128
2011-03-02,396
2011-03-01,376
2011-02-28,370
2011-02-27,63
2011-02-24,421
2011-02-23,362
2011-02-22,371
2011-02-21,312
2011-02-18,289
2011-02-17,313
2011-02-16,371
2012-04-01,58
2012-03-30,290
2012-03-25,67
2012-03-14,272
2012-03-09,329
2012-03-06,318
2012-02-28,306
2012-01-28,74
2011-12-05,309
2011-02-07,344
2011-02-06,55
2011-02-05,34
2011-02-04,306
2011-02-03,298
2011-02-02,359
2011-02-01,339
2011-01-31,352
2011-01-28,345
2011-01-27,449
2011-01-26,355
2011-01-25,325
2011-01-24,293
2011-01-21,273
2011-01-20,351
2011-01-19,369
2011-01-18,359
2011-01-17,262
2011-01-16,73
2011-01-14,355
2011-01-13,329
2011-01-12,329
2011-01-11,320
2011-01-10,318
2011-01-09,48
2011-01-08,55
2011-01-07,321
2011-01-06,313
2011-01-05,293
2011-01-04,329
2011-01-03,347
2011-01-01,105
2010-12-31,135
2010-12-30,273
2010-12-29,266
2010-12-28,279
2010-12-27,240
2010-12-26,54
2010-12-24,125
2010-12-23,249
2010-12-22,277
2010-12-21,302
2010-12-17,301
2010-12-16,245
2011-06-18,66
2012-04-15,50
2012-04-14,51
2012-04-07,49
2012-03-17,69
2012-03-10,52
2012-02-27,260
2012-02-19,61
2012-02-18,52
2012-02-12,60
2012-01-21,49
2011-12-06,362
2011-12-04,69
2011-12-03,81
2011-11-20,89
2011-11-19,71
2011-10-29,64
2011-10-22,42
2011-10-15,96
2011-10-08,52
2011-09-03,55
2011-08-20,67
2011-08-19,349
2011-08-18,432
2011-08-17,368
2011-08-16,367
2011-08-13,70
2011-08-12,349
2011-07-23,50
2011-07-16,43
2011-07-09,55
2011-07-03,54
2011-06-04,47
2011-06-03,337
2011-05-28,47
2011-05-21,56
2011-05-08,63
2011-05-07,53
2011-05-06,324
2011-04-30,55
2011-04-23,36
2011-04-16,83
2011-04-15,361
2011-01-23,98
2011-01-02,50
2011-04-09,48
2011-03-27,64
2011-03-26,55
2011-03-21,312
2011-03-20,66
2011-03-19,68
2011-03-13,63
2011-03-12,44
2011-03-05,36
2011-02-26,44
2011-02-20,43
2011-02-19,103
2011-02-13,78
2011-01-30,54
2011-01-29,62
2011-01-22,51
2011-01-15,52
2010-12-25,45
2010-12-20,265
2010-12-19,62
2010-12-18,63
2010-12-15,194
2010-12-14,173
2010-12-13,171
2010-04-30,162
2010-04-29,164
2010-04-18,12
2010-04-15,168
2011-03-06,70
2011-02-12,39
2010-12-12,53
2010-12-10,144
2010-12-09,172
2010-12-08,129
2010-12-07,163
2010-12-06,142
2010-12-05,53
2010-12-04,40
2010-12-03,146
2010-12-02,165
2010-12-01,163
2010-11-30,134
2010-11-29,138
2010-11-28,55
2010-11-27,43
2010-11-26,138
2010-11-25,137
2010-11-24,202
2010-11-23,140
2010-11-22,127
2010-11-21,57
2010-11-20,85
2010-11-19,120
2010-11-18,154
2010-11-17,176
2010-11-16,142
2010-11-15,104
2010-11-14,74
2010-11-13,54
2010-11-12,135
2010-11-11,184
2010-11-10,196
2010-11-09,176
2010-11-08,160
2010-11-07,68
2010-11-05,156
2010-11-04,167
2010-11-03,142
2010-11-02,62
2010-11-01,99
2010-10-31,40
2010-10-30,56
2010-10-29,131
2010-10-28,141
2010-10-27,159
2010-10-26,133
2010-10-25,140
2010-10-24,60
2010-10-22,115
2010-10-21,139
2010-10-20,171
2010-10-19,125
2010-10-18,123
2010-10-17,45
2010-10-16,45
2010-10-15,132
2010-10-14,138
2010-10-13,137
2010-10-12,55
2010-10-11,81
2010-10-10,60
2010-10-08,120
2010-10-07,139
2010-10-06,150
2010-10-05,145
2010-10-04,134
2010-10-02,43
2010-10-01,120
2010-09-30,157
2010-09-29,145
2010-09-28,134
2010-09-27,125
2010-09-26,46
2010-09-24,126
2010-09-23,139
2010-09-22,151
2010-09-21,128
2010-09-20,117
2010-09-18,48
2010-09-17,107
2010-09-16,137
2010-09-15,130
2010-09-14,130
2010-09-13,147
2010-09-12,42
2010-09-10,113
2010-09-09,147
2010-09-08,126
2010-09-07,58
2010-09-06,104
2010-09-05,38
2010-09-03,129
2010-09-02,140
2010-09-01,153
2010-08-31,157
2010-08-30,166
2010-08-27,150
2010-08-26,127
2010-08-25,137
2010-08-24,127
2010-08-23,149
2010-08-22,40
2010-08-20,136
2010-08-19,142
2010-08-18,127
2010-08-17,211
2010-08-16,102
2010-08-15,38
2010-08-14,34
2010-08-13,117
2010-08-12,133
2010-08-11,163
2010-08-10,152
2010-08-09,138
2010-08-08,47
2010-08-06,131
2010-08-05,138
2010-08-04,129
2010-08-03,130
2010-08-02,109
2010-08-01,40
2010-07-31,34
2010-07-30,130
2010-07-29,152
2010-07-28,134
2010-07-27,123
2010-07-26,120
2010-07-25,49
2010-07-24,32
2010-07-23,125
2010-07-22,168
2010-04-24,47
2010-04-23,123
2010-04-22,132
2010-04-17,56
2010-04-16,124
2010-12-11,12
2010-11-06,66
2010-10-23,52
2010-10-09,48
2010-10-03,45
2010-09-25,43
2010-09-19,47
2010-09-11,31
2010-09-04,32
2010-08-29,44
2010-08-28,28
2010-08-21,25
2010-07-21,162
2010-07-20,138
2010-07-19,134
2010-07-18,38
2010-07-16,110
2010-07-15,171
2010-07-14,165
2010-07-13,138
2010-07-12,119
2010-07-11,47
2010-07-10,39
2010-07-09,103
2010-07-08,159
2010-07-07,133
2010-07-06,120
2010-07-05,118
2010-07-04,32
2010-07-02,111
2010-07-01,151
2010-06-30,173
2010-06-29,151
2010-06-28,115
2010-06-27,61
2010-06-26,73
2010-06-25,127
2010-06-24,144
2010-06-23,145
2010-06-22,152
2010-06-21,119
2010-06-20,43
2010-06-19,50
2010-06-18,136
2010-06-17,162
2010-06-16,128
2010-06-15,135
2010-06-14,145
2010-06-13,38
2010-06-12,45
2010-06-11,146
2010-06-10,169
2010-06-09,176
2010-06-08,175
2010-06-07,159
2010-06-06,33
2010-06-04,99
2010-06-03,62
2010-06-02,130
2010-06-01,150
2010-05-31,129
2010-05-29,21
2010-05-28,118
2010-05-27,164
2010-05-26,166
2010-05-25,135
2010-05-24,140
2010-05-22,41
2010-05-21,133
2010-05-20,161
2010-05-19,150
2010-05-18,143
2010-05-17,140
2010-05-16,34
2010-05-15,54
2010-05-14,136
2010-05-13,159
2010-05-12,169
2010-05-11,157
2010-05-10,147
2010-05-09,69
2010-05-08,35
2010-05-07,131
2010-05-06,163
2010-05-05,157
2010-05-04,157
2010-05-03,141
2010-05-01,36
2010-04-28,160
2010-04-27,145
2010-04-26,118
2010-04-25,39
2010-04-21,72
2010-04-20,138
2010-04-19,126
2010-04-14,175
2010-04-13,119
2010-04-12,114
2010-04-11,45
2010-04-10,33
2010-04-09,101
2010-04-08,142
2010-04-07,163
2010-04-06,138
2010-04-05,116
2010-04-03,32
2010-04-01,127
2010-03-31,146
2010-03-30,143
2010-03-29,145
2010-03-26,128
2010-03-25,130
2010-03-24,147
2010-03-23,117
2010-03-22,121
2010-03-20,38
2010-03-19,101
2010-03-18,154
2010-03-17,145
2010-03-16,132
2010-03-15,124
2010-03-14,32
2010-03-13,31
2010-03-12,94
2010-03-11,139
2010-03-10,124
2010-03-09,98
2010-03-08,112
2010-03-07,10
2010-03-06,8
2010-03-05,120
2010-03-04,119
2010-03-03,108
2010-03-02,112
2010-03-01,116
2010-02-26,106
2010-02-25,150
2010-02-24,161
2010-02-23,135
2010-02-22,97
2010-02-21,9
2010-02-19,104
2010-02-18,126
2010-02-17,89
2010-02-16,45
2010-02-15,30
2010-02-14,13
2010-02-13,14
2010-02-12,122
2010-02-11,132
2010-02-10,120
2010-02-09,115
2010-02-08,91
2010-02-07,14
2010-02-06,20
2010-02-05,136
2010-02-04,121
2010-02-03,139
2010-02-02,150
2010-02-01,141
2010-01-30,20
2010-01-29,138
2010-01-28,138
2010-01-27,178
2010-01-26,148
2010-01-25,98
2010-01-24,15
2010-01-23,18
2010-01-22,105
2010-01-21,135
2010-01-20,191
2010-01-19,77
2010-01-18,94
2010-01-15,69
2010-01-14,88
2010-01-13,95
2010-01-12,99
2010-01-11,103
2010-01-10,15
2010-01-09,12
2010-01-08,94
2010-01-07,99
2010-01-06,89
2010-01-05,71
2010-01-04,75
2010-01-03,13
2010-01-02,4
2009-12-31,22
2009-12-30,64
2009-12-29,79
2009-12-28,74
2009-12-27,5
2009-12-26,9
2009-12-24,23
2009-12-23,61
2009-12-22,85
2009-12-21,74
2009-12-18,73
2009-12-17,116
2009-12-16,108
2009-12-15,118
2009-12-14,93
2009-12-12,19
2009-12-11,100
2009-12-10,98
2009-12-09,116
2009-12-08,99
2009-12-07,101
2009-12-05,13
2009-12-04,84
2009-12-03,83
2009-12-02,89
2009-12-01,89
2009-11-30,91
2009-11-29,15
2009-11-28,17
2009-11-27,79
2009-11-26,80
2009-11-25,87
2009-11-24,89
2009-11-23,65
2009-11-21,12
2009-11-20,70
2009-11-19,86
2009-11-18,84
2009-11-17,95
2009-11-16,99
2009-11-15,10
2009-11-14,9
2009-11-13,88
2009-11-12,100
2009-11-11,69
2009-11-10,98
2009-11-09,65
2009-11-08,5
2009-11-06,83
2009-11-05,101
2009-11-04,119
2009-11-03,92
2009-11-02,44
2009-11-01,11
2009-10-31,9
2009-10-30,84
2009-10-29,111
2009-10-28,89
2009-10-27,106
2009-10-26,86
2009-10-23,82
2009-10-22,87
2009-10-21,89
2009-10-20,95
2009-10-19,75
2009-10-17,7
2009-10-16,84
2009-10-15,88
2009-10-14,95
2009-10-13,81
2009-10-12,45
2009-10-11,7
2009-10-09,74
2009-10-08,87
2009-10-07,82
2009-10-06,77
2009-10-05,85
2009-10-04,21
2009-10-03,14
2009-10-02,77
2009-10-01,94
2009-09-30,95
2009-09-29,97
2009-09-28,81
2009-09-27,4
2009-09-26,10
2009-09-25,111
2009-09-24,98
2009-09-23,97
2009-09-22,86
2009-09-21,93
2009-09-20,16
2009-09-19,19
2009-09-18,96
2009-09-17,108
2009-09-16,95
2009-09-15,133
2009-09-14,111
2009-09-12,39
2009-09-11,132
2009-09-10,123
2009-09-09,113
2009-09-08,118
2009-09-07,42
2009-09-05,35
2009-09-04,96
2009-09-03,95
2009-09-02,109
2009-09-01,100
2009-08-31,110
2009-08-30,7
2009-08-28,97
2009-08-27,89
2009-08-26,104
2009-08-25,111
2009-08-24,97
2009-08-23,22
2009-08-22,29
2009-08-21,105
2009-08-20,96
2009-08-19,112
2009-08-18,109
2009-08-17,104
2009-08-16,13
2009-08-15,40
2009-08-14,111
2009-08-13,106
2009-08-12,135
2009-08-11,89
2009-08-10,100
2009-08-09,13
2009-08-07,118
2009-08-06,126
2009-08-05,109
2009-08-04,104
2009-08-03,97
2009-08-02,11
2009-07-31,127
2009-07-30,100
2009-07-29,132
2009-07-28,98
2009-07-27,79
2009-07-26,10
2009-07-24,78
2009-07-23,108
2009-07-22,115
2009-07-21,100
2009-07-20,94
2009-07-18,26
2009-07-17,104
2009-07-16,94
2009-07-15,112
2009-07-14,122
2009-07-13,111
2009-07-11,29
2009-07-10,89
2009-07-09,83
2009-07-08,115
2009-07-07,113
2009-07-06,102
2009-07-03,89
2009-07-02,102
2009-07-01,114
2009-06-30,116
2009-06-29,110
2009-06-28,9
2009-06-27,47
2009-06-26,104
2009-06-25,115
2009-06-24,119
2009-06-23,95
2009-06-22,83
2009-06-20,26
2009-06-19,93
2009-06-18,112
2009-06-17,106
2009-06-16,116
2009-06-15,93
2009-06-13,48
2009-06-12,58
2009-06-11,66
2009-06-10,137
2009-06-09,131
2009-06-08,94
2009-06-05,80
2009-06-04,99
2009-06-03,106
2009-06-02,85
2009-06-01,63
2009-05-31,10
2009-05-30,38
2009-05-29,119
2009-05-28,118
2009-05-27,80
2009-05-26,98
2009-05-25,81
2009-05-22,104
2009-05-21,118
2009-05-20,122
2009-05-19,112
2009-05-18,99
2009-05-17,14
2009-05-16,36
2009-05-15,131
2009-05-14,117
2009-05-13,130
2009-05-12,117
2009-05-11,107
2009-05-08,106
2009-05-07,129
2009-05-06,93
2009-05-05,116
2009-05-04,107
2009-05-03,13
2009-05-02,45
2009-05-01,81
2009-04-30,154
2009-04-29,161
2009-04-28,110
2009-04-27,86
2009-04-25,38
2009-04-24,160
2009-04-23,145
2009-04-22,143
2009-04-21,66
2009-04-20,83
2009-04-19,22
2009-04-18,38
2009-04-17,131
2009-04-16,164
2009-04-15,155
2009-04-14,119
2009-04-13,89
2009-04-11,34
2009-04-10,41
2009-04-09,117
2009-04-08,121
2009-04-07,115
2009-04-06,106
2009-04-05,7
2009-04-04,26
2009-04-03,123
2009-04-02,154
2009-04-01,153
2009-03-31,141
2009-03-30,139
2009-03-29,29
2009-03-28,56
2009-03-27,144
2009-03-26,140
2009-03-25,141
2009-03-24,139
2009-03-23,122
2009-03-22,17
2009-03-21,45
2009-03-20,111
2009-03-19,130
2009-03-18,114
2009-03-17,118
2009-03-16,113
2009-03-15,17
2009-03-14,55
2009-03-13,126
2009-03-12,170
2009-03-11,145
2009-03-10,149
2009-03-09,126
2009-03-07,51
2009-03-06,118
2009-03-05,170
2009-03-04,147
2009-03-03,126
2009-03-02,137
2009-03-01,36
2009-02-28,55
2009-02-27,117
2009-02-26,134
2009-02-25,94
2009-02-24,66
2009-02-23,54
2009-02-22,27
2009-02-21,33
2009-02-20,128
2009-02-19,124
2009-02-18,157
2009-02-17,136
2009-02-16,106
2009-02-15,21
2009-02-14,61
2009-02-13,112
2009-02-12,116
2009-02-11,150
2009-02-10,106
2009-02-09,120
2009-02-07,35
2009-02-06,137
2009-02-05,136
2009-02-04,130
2009-02-03,123
2009-02-02,105
2009-01-31,71
2009-01-30,121
2009-01-29,147
2009-01-28,146
2009-01-27,140
2009-01-26,122
2009-01-25,10
2009-01-24,51
2009-01-23,100
2009-01-22,128
2009-01-21,131
2009-01-20,115
2009-01-19,109
2009-01-17,33
2009-01-16,105
2009-01-15,118
2009-01-14,115
2009-01-13,123
2009-01-12,99
2009-01-09,111
2009-01-08,112
2009-01-07,110
2009-01-06,104
2009-01-05,92
2009-01-04,7
2009-01-03,34
2009-01-02,62
2009-01-01,18
2008-12-31,58
2008-12-30,70
2008-12-29,81
2008-12-28,5
2008-12-27,25
2008-12-26,58
2008-12-25,26
2008-12-24,70
2008-12-23,110
2008-12-22,115
2008-12-19,118
2008-12-18,136
2008-12-17,116
2008-12-16,117
2008-12-15,113
2008-12-14,18
2008-12-13,51
2008-12-12,139
2008-12-11,141
2008-12-10,122
2008-12-09,113
2008-12-08,117
2008-12-07,22
2008-12-05,119
2008-12-04,151
2008-12-03,107
2008-12-02,114
2008-12-01,121
2008-11-29,45
2008-11-28,109
2008-11-27,109
2008-11-26,130
2008-11-25,149
2008-11-24,132
2008-11-23,26
2008-11-22,43
2008-11-21,121
2008-11-20,133
2008-11-19,145
2008-11-18,124
2008-11-17,133
2008-11-16,19
2008-11-15,81
2008-11-14,105
2008-11-13,140
2008-11-12,137
2008-11-11,125
2008-11-10,111
2008-11-09,30
2008-11-07,109
2008-11-06,144
2008-11-05,123
2008-11-04,107
2008-11-03,131
2008-11-01,22
2008-10-31,114
2008-10-30,179
2008-10-29,185
2008-10-28,110
2008-10-27,102
2008-10-25,23
2008-10-24,113
2008-10-23,150
2008-10-22,122
2008-10-21,124
2008-10-20,107
2008-10-19,23
2008-10-18,20
2008-10-17,97
2008-10-16,120
2008-10-15,179
2008-10-14,137
2008-10-13,128
2008-10-12,48
2008-10-11,48
2008-10-10,146
2008-10-09,120
2008-10-08,152
2008-10-07,143
2008-10-06,116
2008-10-05,24
2008-10-04,25
2008-10-03,125
2008-10-02,106
2008-10-01,90
2008-09-30,131
2008-09-29,147
2008-09-27,21
2008-09-26,91
2008-09-25,104
2008-09-24,111
2008-09-23,117
2008-09-22,96
2008-09-21,19
2008-09-20,50
2008-09-19,93
2008-09-18,145
2008-09-17,105
2008-09-16,122
2008-09-15,113
2008-09-14,24
2008-09-13,7
2008-09-12,57
2008-09-11,88
2008-09-10,123
2008-09-09,80
2008-09-08,81
2008-09-07,18
2008-09-05,74
2008-09-04,73
2008-09-03,73
2008-09-02,74
2008-09-01,59
2008-08-29,70
2008-08-28,99
2008-08-27,91
2008-08-26,78
2008-08-25,71
2008-08-23,14
2008-08-22,64
2008-08-21,87
2008-08-20,82
2008-08-19,87
2008-08-18,68
2008-08-16,7
2008-08-15,57
2008-08-14,87
2008-08-13,84
2008-08-12,83
2008-08-11,70
2008-08-09,3
2008-08-08,59
2008-08-07,84
2008-08-06,70
2008-08-05,95
2008-08-04,77
2008-08-03,5
2008-08-01,82
2008-07-31,113
2008-07-30,101
2008-07-29,98
2008-07-28,88
2008-07-27,9
2008-07-26,23
2008-07-25,72
2008-07-24,87
2008-07-23,108
2008-07-22,74
2008-07-21,75
2008-07-19,11
2008-07-18,71
2008-07-17,85
2008-07-16,86
2008-07-15,98
2008-07-14,65
2008-07-13,13
2008-07-11,64
2008-07-10,99
2008-07-09,73
2008-07-08,79
2008-07-07,80
2008-07-06,4
2008-07-04,58
2008-07-03,91
2008-07-02,111
2008-07-01,99
2008-06-30,91
2008-06-29,7
2008-06-28,9
2008-06-27,104
2008-06-26,83
2008-06-25,109
2008-06-24,113
2008-06-23,91
2008-06-22,9
2008-06-21,9
2008-06-20,68
2008-06-19,112
2008-06-18,77
2008-06-17,100
2008-06-16,101
2008-06-15,5
2008-06-13,71
2008-06-12,96
2008-06-11,105
2008-06-10,111
2008-06-09,99
2008-06-08,9
2008-06-07,18
2008-06-06,58
2008-06-05,145
2008-06-04,139
2008-06-03,95
2008-06-02,90
2008-06-01,9
2008-05-31,35
2008-05-30,99
2008-05-29,79
2008-05-28,116
2008-05-27,114
2008-05-26,83
2008-05-25,11
2008-05-23,48
2008-05-22,31
2008-05-21,89
2008-05-20,84
2008-05-19,97
2008-05-18,8
2008-05-17,17
2008-05-16,75
2008-05-15,105
2008-05-14,96
2008-05-13,100
2008-05-12,117
2008-05-11,14
2008-05-09,75
2008-05-08,111
2008-05-07,99
2008-05-06,112
2008-05-05,93
2008-05-03,34
2008-05-02,77
2008-05-01,45
2008-04-30,191
2008-04-29,123
2008-04-28,110
2008-04-26,19
2008-04-25,107
2008-04-24,121
2008-04-23,95
2008-04-22,117
2008-04-21,58
2008-04-20,15
2008-04-18,91
2008-04-17,119
2008-04-16,136
2008-04-15,117
2008-04-14,102
2008-04-11,105
2008-04-10,130
2008-04-09,158
2008-04-08,93
2008-04-07,102
2008-04-05,9
2008-04-04,92
2008-04-03,113
2008-04-02,120
2008-04-01,100
2008-03-31,106
2008-03-30,3
2008-03-28,91
2008-03-27,105
2008-03-26,112
2008-03-25,95
2008-03-24,105
2008-03-22,15
2008-03-21,17
2008-03-20,95
2008-03-19,101
2008-03-18,112
2008-03-17,113
2008-03-16,32
2008-03-15,17
2008-03-14,74
2008-03-13,140
2008-03-12,138
2008-03-11,94
2008-03-10,89
2008-03-08,6
2008-03-07,91
2008-03-06,88
2008-03-05,110
2008-03-04,79
2008-03-03,111
2008-03-02,3
2008-02-29,94
2008-02-28,116
2008-02-27,108
2008-02-26,87
2008-02-25,82
2008-02-22,81
2008-02-21,96
2008-02-20,90
2008-02-19,92
2008-02-18,79
2008-02-15,75
2008-02-14,110
2008-02-13,124
2008-02-12,102
2008-02-11,89
2008-02-10,13
2008-02-08,67
2008-02-07,106
2008-02-06,74
2008-02-05,33
2008-02-04,59
2008-02-01,53
2008-01-31,78
2008-01-30,81
2008-01-29,91
2008-01-28,89
2008-01-27,11
2008-01-25,67
2008-01-24,121
2008-01-23,130
2008-01-22,131
2008-01-21,105
2008-01-18,98
2010-07-17,30
2010-07-03,24
2010-06-05,33
2010-05-30,35
2010-05-23,40
2010-05-02,51
2010-04-04,24
2010-04-02,34
2010-03-28,29
2010-03-27,34
2010-03-21,41
2010-02-28,11
2010-02-27,5
2010-02-20,6
2010-01-31,22
2010-01-17,4
2010-01-01,7
2009-12-25,4
2009-12-19,11
2009-12-13,11
2009-12-06,6
2009-11-22,4
2009-11-07,21
2009-10-25,9
2009-10-24,25
2009-10-18,5
2009-10-10,6
2009-09-13,38
2009-09-06,21
2009-08-29,42
2009-08-01,22
2009-07-25,34
2009-07-19,10
2009-07-12,6
2009-07-05,10
2009-06-21,7
2009-06-14,6
2009-06-07,9
2009-06-06,39
2009-05-24,11
2009-05-23,43
2009-05-10,10
2009-05-09,40
2009-04-26,19
2009-04-12,12
2008-09-28,35
2008-09-06,9
2008-08-30,4
2008-08-24,8
2008-08-10,5
2008-08-02,7
2008-07-20,6
2008-07-12,16
2008-07-05,3
2008-06-14,11
2008-05-24,10
2008-05-10,10
2008-05-04,10
2008-04-27,17
2008-04-19,3
2008-04-13,21
2008-04-12,26
2008-04-06,18
2008-03-29,3
2008-03-23,8
2008-03-09,16
2008-03-01,17
2008-02-24,8
2008-02-23,11
2008-02-17,12
2008-02-16,6
2008-02-03,10
2008-02-02,18
2008-01-26,39
2008-01-20,11
2008-01-17,119
2007-12-26,49
2007-12-25,5
2007-12-24,17
2007-12-21,53
2007-12-20,105
2007-12-19,115
2007-12-12,110
2007-12-11,98
2007-12-10,99
2009-03-08,14
2009-02-08,11
2009-02-01,10
2009-01-18,8
2009-01-10,36
2008-12-21,16
2008-12-20,41
2008-12-06,46
2008-11-30,11
2008-11-08,42
2008-01-07,79
2008-01-04,61
2007-12-28,65
2008-01-16,109
2008-01-15,97
2008-01-14,92
2008-01-13,17
2008-01-12,3
2008-01-11,85
2008-01-10,109
2008-01-09,81
2008-01-08,93
2008-01-05,6
2008-01-03,83
2008-01-02,63
2007-12-30,12
2007-12-27,54
2007-12-23,17
2007-12-22,19
2007-12-18,84
2007-12-17,72
2007-12-16,8
2007-12-14,78
2007-12-13,133
2007-12-09,30
2007-12-08,22
2007-12-07,119
2007-12-06,114
2007-12-05,117
2007-12-04,78
2007-12-03,84
2007-12-02,8
2007-12-01,28
2007-11-30,111
2007-11-29,86
2007-11-28,91
2007-11-27,106
2007-11-26,70
2007-11-23,110
2007-11-22,70
2007-11-21,99
2007-11-20,70
2007-11-19,62
2007-11-17,16
2007-11-16,49
2007-11-15,42
2007-11-14,80
2007-11-13,87
2007-11-12,89
2007-11-10,28
2007-11-09,126
2007-11-08,123
2007-11-07,94
2007-11-06,88
2007-11-05,73
2007-11-03,8
2007-11-02,38
2007-11-01,68
2007-10-31,110
2007-10-30,103
2007-10-29,66
2007-10-26,73
2007-10-25,91
2010-08-07,28
2009-08-08,30
2009-07-04,27
2008-11-02,9
2008-10-26,19
2008-08-17,8
2007-10-24,77
2007-10-23,87
2007-10-22,99
2007-10-20,10
2007-10-19,94
2007-10-18,83
2007-10-17,88
2007-10-16,88
2007-10-15,64
2007-10-14,21
2007-10-13,15
2007-10-12,37
2007-10-11,91
2007-10-10,116
2007-10-09,112
2007-10-08,98
2007-10-06,8
2007-10-05,73
2007-10-04,90
2007-10-03,86
2007-10-02,68
2007-10-01,84
2007-09-30,6
2007-09-29,27
2007-09-28,71
2007-09-27,68
2007-09-26,65
2007-09-25,58
2007-09-24,54
2007-09-22,3
2007-09-21,59
2007-09-20,70
2007-09-19,74
2007-09-18,78
2007-09-17,87
2007-09-15,9
2007-09-14,95
2007-09-13,72
2007-09-12,111
2007-09-11,97
2007-09-10,91
2007-09-09,17
2007-09-08,24
2007-09-07,32
2007-09-06,75
2007-09-05,94
2007-09-04,98
2007-09-03,90
2007-09-02,10
2007-09-01,10
2007-08-31,90
2007-08-30,62
2007-08-29,84
2007-08-28,91
2007-08-27,70
2007-08-26,13
2007-08-25,17
2007-08-24,73
2007-08-23,112
2007-08-22,94
2007-08-21,88
2007-08-20,84
2007-08-19,18
2007-08-17,84
2007-08-16,85
2007-08-15,95
2007-08-14,88
2007-08-13,72
2007-08-10,90
2007-08-09,84
2007-08-08,94
2007-08-07,69
2007-08-06,61
2007-08-05,6
2007-08-03,69
2007-08-02,69
2007-08-01,73
2007-07-31,59
2007-07-27,66
2007-07-26,81
2007-07-25,60
2007-07-24,61
2007-07-23,52
2007-07-22,12
2007-07-20,48
2007-07-19,54
2007-07-18,63
2007-07-17,68
2007-07-16,63
2007-07-15,37
2007-07-13,36
2007-07-12,52
2007-07-11,60
2007-07-10,52
2007-07-09,41
2007-07-07,7
2007-07-06,34
2007-07-05,41
2007-07-04,55
2007-07-03,54
2007-07-02,65
2007-06-29,42
2007-06-28,55
2007-06-27,73
2007-06-26,52
2007-06-25,49
2007-06-24,9
2007-06-23,3
2007-06-22,46
2007-06-21,84
2007-06-20,48
2007-06-19,44
2007-06-18,55
2007-06-14,86
2007-06-13,60
2007-06-12,50
2007-06-11,44
2007-06-10,4
2007-06-08,48
2007-06-07,21
2007-06-06,53
2007-06-05,42
2007-06-04,51
2007-06-01,46
2007-05-31,57
2007-05-30,62
2007-05-29,54
2007-05-28,46
2007-05-27,6
2007-05-26,6
2007-05-25,36
2007-05-24,4
2000-06-09,14
2000-06-08,51
2000-06-07,83
2000-06-06,84
2000-06-05,16
2000-06-02,67
2000-06-01,63
2000-05-31,81
2000-05-30,63
2000-05-29,72
2000-05-28,11
2000-05-26,91
2000-05-25,40
2000-05-24,51
2008-02-09,8
2007-12-31,29
2007-12-29,24
2007-11-24,24
2007-11-11,7
2007-11-04,17
2007-10-27,22
2007-04-09,39
2007-08-18,13
2007-05-08,17
2007-04-08,7
2007-03-08,42
2007-01-08,40
2007-07-30,42
2007-07-21,46
2007-04-28,11
2007-04-27,35
2007-04-26,22
2007-04-25,45
2007-04-24,21
2007-04-23,33
2007-04-20,21
2007-04-19,36
2007-04-18,41
2007-04-17,29
2007-04-16,25
2007-04-13,13
2007-04-12,36
2007-04-11,34
2007-04-10,28
2007-04-06,6
2007-04-05,25
2007-04-04,40
2007-04-03,14
2007-04-02,24
2007-03-30,26
2007-03-29,40
2007-03-28,35
2007-03-27,23
2007-03-26,26
2007-03-23,25
2007-03-22,20
2007-03-21,32
2007-03-20,25
2007-03-19,34
2007-03-16,33
2007-03-15,31
2007-03-14,28
2007-03-13,28
2007-03-12,30
2007-03-11,2
2007-03-10,1
2007-03-09,27
2007-03-07,26
2007-03-06,22
2007-03-05,32
2007-03-04,5
2007-03-03,13
2007-03-02,26
2007-03-01,30
2007-02-28,40
2007-02-27,27
2007-02-26,31
2007-02-23,22
2007-02-22,17
2007-02-21,9
2007-02-19,2
2007-02-16,14
2007-02-14,24
2007-02-13,21
2007-02-12,26
2007-02-09,31
2007-02-08,36
2007-02-07,31
2007-02-06,26
2007-02-05,24
2007-02-03,0
2007-02-02,33
2007-02-01,32
2007-01-31,33
2007-01-30,26
2007-01-29,25
2007-01-27,15
2007-01-26,31
2007-01-25,33
2007-01-24,35
2007-01-23,30
2007-01-22,37
2007-01-20,0
2007-01-19,34
2007-01-18,43
2007-01-17,29
2007-01-16,25
2007-01-15,19
2007-01-12,20
2007-01-11,23
2007-01-10,32
2007-01-09,31
2007-01-06,1
2007-01-05,21
2007-01-04,37
2007-01-03,19
2007-01-02,17
2007-01-01,14
2006-12-29,19
2006-12-27,16
2006-12-24,10
2006-12-22,11
2006-12-21,21
2006-12-20,25
2006-12-19,25
2006-12-18,23
2006-12-17,3
2006-12-15,25
2006-12-14,42
2006-12-13,25
2006-12-12,24
2006-12-11,32
2006-12-08,36
2006-12-07,33
2006-12-06,27
2006-12-05,26
2006-12-04,40
2006-12-01,29
2006-11-30,34
2006-11-29,42
2006-11-28,28
2006-11-27,26
2006-11-24,30
2006-11-23,38
2006-11-22,35
2006-11-21,20
2006-11-20,21
2006-11-17,25
2006-11-16,24
2006-11-14,33
2006-11-13,30
2006-11-10,24
2006-11-09,37
2006-11-08,25
2006-11-07,27
2006-11-06,21
2006-11-05,0
2006-11-03,23
2006-11-02,3
2006-11-01,34
2006-10-31,25
2006-10-30,32
2006-10-27,32
2006-10-26,32
2006-10-25,25
2006-10-24,21
2006-10-23,24
2006-10-20,22
2006-10-19,42
2006-10-18,24
2006-10-17,29
2006-10-16,28
2006-10-13,16
2006-10-11,23
2006-10-10,38
2006-10-09,22
2006-10-06,36
2006-10-05,26
2006-10-04,35
2006-10-03,28
2006-10-02,34
2006-09-29,27
2006-09-28,35
2006-09-27,42
2006-09-26,32
2006-09-25,31
2006-09-22,29
2006-09-21,28
2006-09-20,36
2006-09-19,35
2006-09-18,23
2006-09-14,47
2006-09-13,27
2006-09-12,35
2006-09-11,28
2006-09-10,3
2006-09-08,24
2006-09-07,2
2006-09-06,30
2006-09-05,34
2006-09-04,23
2006-09-01,24
2006-08-31,26
2000-05-23,40
2006-08-30,37
2006-08-29,28
2006-08-28,40
2000-05-22,98
2006-08-25,34
2000-05-21,3
2000-05-19,42
2006-08-24,39
2000-05-16,22
2000-05-15,34
2006-08-23,43
2000-05-12,14
2000-05-11,19
2006-08-22,24
2000-05-10,48
2006-08-21,31
2000-05-09,41
2006-08-19,2
2006-08-18,18
2006-08-17,39
2000-05-08,40
2000-05-07,11
2000-05-03,17
2000-05-02,47
2000-05-01,26
2000-04-30,8
2000-04-28,7
2000-04-27,3
2000-04-25,43
2000-04-23,4
2000-04-20,19
2008-01-19,26
2008-01-06,16
2007-12-15,15
2007-10-21,17
2007-08-11,8
2007-08-04,9
2007-07-28,3
2007-04-29,11
2007-02-18,9
2007-02-15,21
2007-01-21,8
2007-01-14,11
2006-10-14,9
2006-09-03,11
2006-08-16,23
2006-08-15,25
2006-08-14,36
2006-08-12,5
2006-08-11,27
2006-08-10,26
2006-08-09,23
2006-08-08,25
2006-08-07,30
2006-08-04,34
2006-08-03,36
2006-08-02,21
2006-08-01,27
2006-07-31,20
2006-07-30,0
2006-07-28,22
2006-07-27,34
2006-07-26,26
2006-07-25,26
2006-07-24,18
2006-07-21,21
2006-07-20,20
2006-07-19,30
2006-07-18,24
2006-07-17,17
2006-07-15,11
2006-07-14,19
2006-07-13,29
2006-07-12,33
2006-07-11,33
2006-07-10,22
2006-07-07,31
2006-07-06,33
2006-07-05,41
2006-07-03,35
2006-06-29,37
2006-06-28,28
2006-06-26,27
2006-06-24,1
2006-06-23,25
2006-06-22,19
2006-06-21,25
2006-06-20,35
2006-06-19,18
2006-06-18,8
2006-06-16,3
2006-06-14,22
2006-06-13,25
2006-06-09,23
2006-06-07,38
2006-06-05,45
2006-06-02,39
2006-06-01,42
2006-05-31,47
2006-05-30,30
2006-05-29,24
2006-05-26,33
2006-05-25,26
2006-05-24,42
2006-05-23,34
2006-05-22,25
2006-05-19,27
2006-05-18,26
2006-05-17,19
2006-05-16,28
2006-05-15,22
2006-05-13,13
2006-05-12,17
2006-05-11,34
2006-05-10,32
2006-05-09,25
2006-05-05,29
2006-05-04,27
2006-05-03,31
2006-05-01,13
2006-04-28,30
2006-04-27,31
2006-04-26,28
2006-04-25,38
2006-04-24,16
2006-04-21,5
2006-04-20,22
2006-04-19,40
2006-04-18,20
2006-04-17,17
2006-04-15,0
2006-04-13,16
2006-04-12,24
2006-04-11,27
2006-04-10,21
2006-04-09,10
2006-04-07,21
2006-04-06,29
2006-04-05,32
2006-04-04,23
2006-04-03,25
2006-04-01,6
2006-03-31,22
2006-03-30,23
2006-03-29,28
2006-03-28,42
2006-03-27,32
2006-03-26,9
2006-03-24,16
2006-03-23,28
2006-03-22,13
2006-03-21,21
2006-03-20,17
2006-03-16,19
2006-03-15,17
2006-03-14,10
2006-03-10,27
2006-03-09,21
2006-03-08,31
2006-03-07,15
2006-03-06,22
2006-03-03,23
2006-03-01,20
2006-02-24,26
2006-02-22,33
2006-02-21,21
2006-02-19,12
2006-02-17,26
2006-02-16,24
2006-02-15,19
2006-02-13,24
2006-02-12,9
2006-02-11,17
2006-02-10,25
2006-02-09,14
2006-02-07,21
2006-02-03,23
2006-02-02,18
2006-02-01,25
2006-01-31,24
2006-01-30,33
2006-01-25,42
2006-01-24,15
2006-01-23,24
2006-01-20,18
2006-01-19,23
2006-01-13,29
2006-01-12,17
2006-01-11,11
2006-01-10,15
2006-01-09,12
2006-01-06,9
2005-12-30,11
2005-12-27,4
2005-12-25,1
2005-12-23,1
2005-12-22,13
2005-12-16,4
2005-12-14,14
2005-12-13,7
2005-12-12,10
2005-12-09,9
2005-12-06,17
2005-12-05,15
2005-12-02,17
2005-11-30,13
2005-11-28,16
2005-11-24,15
2005-11-23,6
2005-11-22,12
2005-11-21,4
2005-11-18,11
2005-11-16,10
2005-11-10,15
2005-11-09,10
2005-11-07,14
2005-11-04,16
2005-11-03,5
2005-11-01,16
2005-10-28,14
2005-10-26,6
2005-10-25,19
2005-10-24,9
2005-10-21,13
2005-10-19,15
2005-10-18,12
2005-10-14,3
2005-10-13,19
2005-10-12,4
2005-10-07,4
2005-10-06,20
2005-10-05,20
2005-10-03,12
2005-10-02,0
2005-09-29,10
2005-09-27,6
2005-09-26,17
2005-09-23,25
2005-09-21,18
2005-09-20,11
2005-09-15,18
2005-09-13,21
2005-09-12,20
2005-09-08,7
2005-09-06,16
2005-09-05,12
2005-09-02,4
2005-08-31,17
2005-08-30,23
2005-08-26,12
2005-08-25,8
2005-08-23,16
2005-08-22,8
2005-08-17,12
2005-08-16,14
2005-08-15,9
2005-08-14,1
2005-08-12,11
2005-08-10,3
2005-08-09,18
2005-08-08,3
2005-08-05,13
2005-08-04,8
2005-08-01,16
2005-07-28,12
2005-07-27,27
2005-07-22,12
2005-07-21,12
2005-07-20,10
2005-07-19,16
2005-07-18,15
2005-07-14,17
2005-07-12,10
2005-07-06,14
2005-07-05,4
2005-06-30,14
2005-06-29,5
2005-06-28,13
2005-06-27,12
2005-06-25,1
2005-06-24,12
2005-06-23,16
2005-06-18,2
2005-06-16,10
2005-06-15,15
2005-06-14,10
2005-06-13,14
2005-06-11,1
2005-06-10,13
2005-06-09,11
2005-06-08,11
2005-06-07,12
2005-06-02,5
2005-06-01,11
2005-05-31,15
2005-05-30,15
2005-05-26,4
2005-05-25,14
2005-05-24,13
2005-05-19,16
2005-05-12,11
2005-05-10,7
2005-05-09,13
2005-05-08,1
2005-05-05,10
2005-05-04,14
2005-05-03,5
2005-05-02,12
2005-04-30,1
2005-04-28,12
2005-04-27,15
2005-04-25,13
2005-04-23,0
2005-04-22,11
2005-04-21,3
2005-04-20,25
2005-04-19,7
2005-04-18,9
2005-04-16,1
2005-04-15,11
2005-04-14,15
2005-04-13,5
2005-04-11,11
2005-04-08,11
2005-04-05,13
2005-03-30,11
2005-03-29,13
2005-03-24,11
2005-03-22,12
2005-03-21,15
2005-03-18,15
2005-03-16,13
2005-03-14,11
2005-03-11,6
2005-03-08,15
2005-03-07,8
2005-03-04,7
2005-03-02,11
2005-03-01,15
2005-02-28,12
2005-02-25,12
2005-02-24,16
2005-02-23,15
2005-02-22,8
2005-02-21,13
2005-02-16,15
2005-02-15,6
2005-02-14,10
2005-02-10,7
2005-02-08,1
2005-02-04,14
2005-02-03,14
2005-02-02,15
2005-01-29,9
2005-01-28,28
2005-01-27,12
2005-01-26,11
2005-01-25,15
2005-01-21,7
2005-01-17,14
2005-01-13,13
2005-01-12,15
2005-01-10,11
2005-01-06,9
2005-01-05,12
2005-01-03,2
2004-12-29,11
2004-12-28,12
2004-12-23,11
2004-12-22,24
2004-12-21,14
2004-12-20,14
2004-12-17,26
2004-12-16,14
2004-12-15,20
2004-12-14,18
2004-12-10,22
2004-12-09,24
2004-12-08,16
2004-12-07,15
2004-12-06,23
2004-12-03,14
2004-12-02,25
2004-12-01,12
2004-11-30,17
2004-11-29,26
2004-11-28,2
2004-11-26,31
2004-11-25,16
2004-11-24,15
2004-11-23,22
2004-11-22,15
2004-11-19,23
2004-11-18,26
2004-11-17,22
2004-11-16,23
2004-11-12,34
2004-11-11,15
2004-11-10,25
2004-11-08,24
2004-11-07,3
2004-11-05,24
2004-11-04,33
2004-11-03,22
2004-10-29,27
2004-10-28,26
2004-10-27,22
2004-10-26,25
2004-10-25,11
2004-10-22,26
2004-10-21,21
2004-10-20,23
2004-10-19,23
2004-10-18,11
2004-10-15,15
2004-10-14,24
2004-10-13,23
2004-10-10,0
2004-10-08,28
2004-10-07,14
2004-10-05,22
2004-10-04,14
2004-10-03,2
2004-10-01,12
2004-09-30,24
2004-09-29,27
2004-09-28,10
2004-09-27,13
2004-09-24,16
2004-09-23,19
2004-09-22,25
2004-09-21,12
2004-09-20,22
2004-09-17,19
2004-09-16,27
2004-09-15,22
2004-09-14,12
2004-09-13,24
2004-09-12,1
2004-09-10,22
2004-09-09,15
2004-09-08,18
2004-09-03,18
2004-09-02,26
2004-09-01,20
2004-08-31,28
2004-08-30,17
2004-08-26,15
2004-08-25,30
2004-08-24,17
2004-08-23,13
2004-08-20,15
2004-08-19,13
2004-08-16,13
2004-08-14,1
2004-08-13,8
2004-08-11,14
2004-08-10,11
2004-08-06,15
2004-08-05,11
2004-08-04,17
2004-08-03,16
2004-08-02,18
2004-07-31,1
2004-07-30,15
2004-07-29,10
2004-07-28,14
2004-07-27,14
2004-07-26,21
2004-07-24,0
2004-07-23,11
2004-07-22,13
2004-07-21,22
2004-07-20,21
2004-07-19,20
2004-07-16,21
2004-07-15,28
2004-07-14,24
2004-07-13,13
2004-07-12,17
2004-07-09,5
2004-07-08,24
2004-07-07,13
2004-07-05,13
2004-07-02,20
2004-07-01,17
2004-06-30,19
2004-06-29,14
2004-06-28,13
2004-06-27,1
2004-06-25,16
2004-06-24,18
2004-06-23,19
2004-06-20,2
2004-06-17,13
2004-06-16,22
2004-06-15,15
2004-06-14,23
2004-06-12,4
2004-06-11,14
2004-06-09,16
2004-06-08,18
2004-06-07,12
2004-06-06,3
2004-06-04,7
2004-06-03,17
2004-06-02,11
2004-06-01,21
2004-05-29,2
2004-05-28,24
2004-05-27,26
2004-05-26,12
2004-05-25,19
2004-05-23,13
2004-05-22,0
2004-05-21,5
2004-05-20,18
2004-05-19,28
2004-05-18,13
2004-05-17,14
2004-05-14,21
2004-05-13,15
2004-05-12,14
2004-05-10,14
2004-05-07,13
2004-05-06,20
2004-05-05,15
2004-05-04,28
2004-05-03,10
2004-04-30,14
2004-04-29,31
2004-04-28,16
2004-04-27,22
2004-04-26,16
2004-04-25,12
2004-04-24,4
2004-04-23,11
2004-04-22,25
2004-04-21,4
2004-04-20,25
2004-04-19,15
2004-04-17,1
2004-04-15,17
2004-04-14,24
2004-04-13,21
2004-04-11,10
2004-04-08,10
2004-04-07,18
2004-04-06,14
2004-04-05,22
2004-04-02,13
2004-04-01,26
2004-03-31,18
2004-03-30,32
2004-03-29,6
2004-03-26,20
2004-03-25,32
2004-03-24,19
2004-03-21,5
2004-03-19,10
2004-03-18,20
2004-03-17,21
2004-03-16,22
2004-03-15,6
2004-03-14,7
2004-03-11,25
2004-03-10,24
2004-03-09,22
2004-03-08,22
2004-03-04,15
2004-03-03,17
2004-03-02,20
2004-03-01,29
2004-02-26,23
2004-02-25,17
2004-02-20,23
2004-02-19,13
2004-02-18,29
2004-02-16,24
2004-02-13,4
2004-02-12,14
2004-02-11,16
2004-02-10,14
2004-02-09,16
2004-02-08,3
2004-02-06,20
2004-02-05,15
2004-02-04,15
2004-02-02,5
2004-02-01,2
2004-01-29,16
2004-01-28,13
2004-01-27,10
2004-01-26,13
2004-01-23,22
2004-01-22,20
2004-01-21,13
2004-01-20,11
2004-01-16,10
2004-01-15,17
2004-01-14,12
2004-01-13,10
2004-01-09,7
2004-01-08,16
2004-01-07,10
2004-01-06,11
2004-01-05,9
2004-01-02,8
2003-12-30,15
2003-12-29,21
2003-12-26,5
2003-12-23,9
2003-12-22,11
2003-12-19,14
2003-12-18,20
2003-12-17,23
2003-12-16,18
2006-06-25,10
2006-06-10,14
2006-05-20,10
2006-04-22,11
2006-04-16,10
2006-03-13,28
2006-02-27,14
2005-12-26,11
2005-12-19,12
2005-12-15,13
2005-12-01,16
2005-11-29,14
2005-11-26,0
2005-11-17,10
2005-11-14,14
2005-10-31,16
2005-10-29,2
2005-10-27,17
2005-10-16,10
2005-10-10,13
2005-09-30,15
2005-09-16,13
2005-09-07,16
2005-09-01,15
2005-08-29,2
2005-07-04,13
2005-06-17,10
2005-06-19,4
2005-06-12,4
2005-06-03,18
2005-05-27,16
2005-05-29,2
2005-05-20,10
2005-05-11,13
2005-05-07,9
2005-05-06,7
2005-04-06,13
2005-04-01,7
2005-03-23,15
2005-03-15,12
2005-03-09,14
2005-03-05,11
2005-02-17,14
2005-02-11,12
2005-02-09,13
2005-01-23,9
2005-01-07,11
2004-12-24,18
2004-12-13,23
2004-11-01,12
2004-10-11,13
2004-08-18,15
2004-08-09,14
2004-08-08,1
2004-08-07,1
2004-07-10,8
2004-06-18,15
2004-04-04,10
2004-03-28,11
2004-03-20,14
2004-02-27,26
2004-02-03,14
2004-01-30,23
2003-12-24,10
2003-12-21,9
2003-12-13,3
2003-12-12,24
2003-12-11,12
2003-12-10,19
2003-12-09,17
2003-12-08,8
2003-12-05,11
2003-12-04,15
2003-12-03,11
2003-12-02,20
2003-12-01,18
2003-11-28,17
2003-11-27,19
2003-11-26,23
2003-11-25,12
2003-11-24,18
2003-11-22,2
2003-11-21,18
2003-11-20,16
2003-11-19,15
2003-11-18,8
2003-11-17,11
2003-11-14,11
2003-11-13,10
2003-11-12,11
2003-11-11,9
2003-11-10,5
2003-11-06,20
2003-11-05,7
2003-11-03,6
2003-10-31,15
2003-10-30,20
2003-10-28,19
2003-10-27,10
2003-10-24,16
2003-10-23,13
2003-10-22,20
2003-10-20,14
2003-10-15,13
2003-10-14,19
2003-10-13,8
2003-10-12,0
2003-10-10,16
2003-10-08,15
2003-10-07,20
2003-10-06,15
2003-10-03,12
2003-10-02,11
2003-10-01,10
2003-09-30,10
2003-09-29,9
2003-09-26,9
2003-09-25,18
2003-09-24,15
2003-09-23,19
2003-09-22,16
2003-09-21,4
2003-09-20,7
2003-09-19,12
2003-09-18,24
2003-09-17,25
2003-09-16,17
2003-09-15,18
2003-09-13,0
2003-09-12,13
2003-09-11,15
2003-09-10,22
2003-09-09,10
2003-09-08,19
2003-09-05,16
2003-09-04,25
2003-09-03,13
2003-09-02,16
2003-08-29,14
2003-08-28,20
2003-08-27,11
2003-08-26,16
2003-08-25,14
2003-08-22,16
2003-08-21,22
2003-08-20,37
2003-08-18,21
2003-08-17,3
2003-08-15,15
2003-08-14,19
2003-08-13,10
2003-08-12,20
2003-08-08,17
2003-08-05,17
2003-08-04,17
2003-08-01,15
2003-07-31,13
2003-07-30,11
2003-07-29,21
2003-07-28,20
2003-07-26,0
2003-07-25,5
2003-07-24,19
2003-07-23,24
2003-07-22,11
2003-07-21,17
2003-07-17,15
2003-07-16,16
2003-07-15,12
2003-07-14,13
2003-07-11,13
2003-07-10,14
2003-07-09,11
2003-07-08,9
2003-07-07,6
2003-07-04,11
2003-07-03,16
2003-07-02,12
2003-07-01,12
2003-06-30,19
2003-06-27,12
2003-06-26,16
2003-06-25,14
2003-06-21,4
2003-06-20,8
2003-06-18,27
2003-06-17,22
2003-06-16,22
2003-06-13,9
2003-06-12,14
2003-06-11,13
2003-06-10,17
2003-06-09,11
2003-06-06,17
2003-06-05,24
2003-06-04,24
2003-06-03,23
2003-06-02,24
2003-06-01,14
2003-05-31,13
2003-05-30,33
2003-05-29,51
2003-05-28,49
2003-05-27,47
2006-05-28,10
2006-05-21,10
2006-05-06,10
2006-04-02,11
2005-10-15,11
2005-08-11,9
2005-06-26,1
2004-07-03,9
2004-06-26,11
2004-04-03,11
2004-03-27,10
2003-12-28,8
2003-12-20,10
2003-11-04,14
2003-09-14,9
2003-05-26,37
2003-05-24,3
2003-05-23,41
2003-05-22,51
2003-05-21,57
2003-05-20,57
2003-05-19,49
2003-05-18,9
2003-05-16,47
2003-05-15,39
2003-05-13,42
2003-05-12,29
2003-05-09,25
2003-05-07,21
2003-05-06,41
2003-05-05,29
2003-05-03,3
2003-05-02,9
2003-04-30,29
2003-04-29,25
2003-04-28,29
2003-04-25,29
2003-04-24,25
2003-04-23,29
2003-04-22,31
2003-04-17,15
2003-04-16,13
2003-04-15,41
2003-04-14,19
2003-04-13,13
2003-04-12,5
2003-04-11,23
2003-04-10,35
2003-04-09,22
2003-04-08,19
2003-04-02,23
2003-04-01,29
2003-03-31,33
2003-03-30,5
2003-03-27,43
2003-03-26,21
2003-03-25,21
2003-03-24,15
2003-03-22,1
2003-03-21,21
2003-03-20,21
2003-03-19,35
2003-03-17,29
2003-03-14,27
2003-03-12,19
2003-03-11,29
2003-03-10,27
2003-03-09,7
2003-03-06,25
2003-02-28,29
2003-02-26,33
2003-02-24,21
2003-02-21,25
2003-02-20,35
2003-02-19,53
2003-02-16,9
2003-02-15,9
2003-02-14,11
2003-02-13,33
2003-02-12,33
2003-02-11,33
2003-02-10,35
2003-02-07,31
2003-02-06,27
2003-02-05,23
2003-02-04,31
2003-02-03,31
2003-02-02,5
2003-01-30,37
2003-01-28,31
2003-01-27,27
2003-01-24,21
2003-01-23,30
2003-01-22,35
2003-01-21,25
2003-01-20,27
2003-01-17,17
2003-01-16,23
2003-01-15,25
2003-01-14,23
2003-01-13,27
2003-01-10,33
2003-01-09,23
2003-01-08,23
2003-01-07,31
2003-01-06,37
2003-01-03,15
2003-01-02,35
2002-12-26,17
2002-12-20,39
2002-12-19,46
2002-12-18,51
2002-12-17,41
2002-12-16,31
2002-12-14,3
2002-12-13,33
2002-12-12,31
2002-12-11,31
2002-12-10,37
2002-12-09,45
2002-12-06,35
2002-12-05,37
2002-12-04,45
2002-12-03,29
2002-12-02,33
2002-11-30,5
2002-11-29,45
2002-11-28,36
2002-11-27,67
2002-11-26,37
2002-11-25,42
2002-11-24,9
2002-11-22,42
2002-11-21,60
2002-11-20,64
2002-11-18,54
2002-11-16,3
2002-11-14,33
2002-11-13,45
2002-11-12,68
2002-11-11,46
2002-11-10,7
2002-11-08,43
2002-11-07,46
2002-11-06,41
2002-11-05,34
2002-11-04,39
2002-11-01,50
2002-10-31,38
2002-10-30,34
2002-10-29,22
2002-10-28,26
2002-10-27,15
2002-10-26,3
2002-10-25,26
2002-10-24,39
2002-10-23,29
2002-10-22,37
2002-10-21,37
2002-10-20,9
2002-10-18,37
2002-10-17,33
2002-10-16,35
2002-10-15,40
2002-10-14,65
2002-10-13,11
2002-10-12,1
2002-10-11,57
2002-10-10,42
2002-10-09,36
2002-10-08,49
2002-10-07,38
2002-10-04,22
2002-10-03,31
2002-10-02,42
2002-10-01,48
2002-09-30,46
2002-09-27,61
2002-09-26,60
2002-09-25,51
2002-09-24,52
2002-09-23,34
2002-09-20,35
2002-09-19,41
2002-09-18,52
2002-09-17,60
2002-09-16,41
2002-09-13,47
2002-09-12,45
2002-09-11,41
2002-09-10,51
2002-09-09,40
2002-09-07,5
2002-09-06,46
2002-09-05,35
2002-09-04,44
2002-09-03,38
2002-09-02,33
2002-09-01,15
2002-08-31,15
2002-08-30,39
2002-08-29,38
2002-08-28,45
2002-08-27,51
2002-08-26,40
2002-08-23,31
2002-08-22,52
2002-08-21,55
2002-08-20,54
2002-08-19,42
2002-08-16,40
2002-08-15,35
2002-08-14,48
2002-08-13,46
2002-08-12,44
2002-08-10,5
2002-08-09,35
2002-08-08,63
2002-08-07,42
2002-08-06,40
2002-08-05,49
2002-08-04,17
2002-08-03,11
2002-08-02,57
2002-08-01,73
2002-07-31,73
2002-07-30,56
2002-07-29,51
2002-07-26,49
2002-07-25,58
2002-07-24,62
2002-07-23,46
2002-07-22,48
2002-07-19,26
2002-07-18,35
2002-07-17,43
2002-07-16,50
2002-07-15,49
2002-07-12,50
2002-07-11,29
2002-07-10,31
2002-07-09,34
2002-07-08,33
2002-07-05,41
2002-07-04,47
2002-07-03,53
2002-07-02,46
2002-07-01,59
2002-06-29,1
2002-06-28,54
2002-06-27,71
2002-06-26,44
2002-06-25,70
2002-06-24,48
2002-06-21,35
2002-06-20,40
2002-06-19,48
2002-06-18,48
2002-06-17,44
2002-06-16,13
2002-06-14,45
2002-06-13,65
2006-07-16,8
2006-05-07,11
2002-06-12,62
2002-06-11,40
2002-06-10,40
2002-06-09,15
2002-06-07,52
2002-06-06,43
2002-06-05,54
2002-06-04,36
2002-06-03,27
2002-06-01,5
2002-05-31,27
2002-05-30,11
2002-05-29,27
2002-05-28,47
2002-05-27,25
2002-05-25,7
2002-05-24,52
2002-05-23,32
2002-05-22,38
2002-05-21,28
2002-05-20,37
2002-05-17,62
2002-05-16,54
2002-05-15,46
2002-05-14,40
2002-05-13,36
2002-05-10,38
2002-05-08,24
2002-05-07,32
2002-05-06,42
2002-05-03,54
2002-05-02,54
2002-05-01,13
2002-04-30,60
2002-04-29,56
2002-04-28,12
2002-04-27,9
2002-04-26,68
2002-04-25,60
2002-04-24,71
2002-04-23,59
2002-04-22,52
2002-04-20,13
2002-04-19,33
2002-04-18,49
2002-04-17,55
2002-04-16,40
2002-04-15,45
2002-04-12,32
2002-04-11,41
2002-04-10,33
2002-04-09,49
2002-04-08,39
2002-04-07,9
2002-04-06,5
2002-04-05,30
2002-04-04,53
2002-04-03,35
2002-04-02,58
2002-04-01,60
2002-03-30,3
2002-03-28,33
2002-03-27,48
2002-03-26,42
2002-03-25,35
2002-03-23,5
2002-03-22,53
2002-03-21,56
2002-03-20,39
2002-03-19,56
2002-03-18,57
2002-03-17,13
2002-03-16,12
2002-03-14,25
2002-03-13,32
2002-03-12,26
2002-03-11,41
2002-03-10,19
2002-03-09,7
2002-03-08,34
2002-03-07,30
2002-03-06,43
2002-03-05,37
2002-03-04,34
2002-03-03,7
2002-03-02,7
2002-03-01,44
2002-02-28,59
2002-02-27,48
2002-02-26,31
2002-02-25,34
2002-02-22,53
2002-02-21,39
2002-02-20,54
2002-02-19,43
2002-02-18,39
2002-02-16,3
2002-02-15,34
2002-02-14,58
2002-02-13,44
2002-02-11,11
2002-02-08,46
2002-02-07,47
2002-02-06,40
2002-02-05,47
2002-02-04,60
2002-02-02,35
2002-02-01,65
2002-01-31,46
2002-01-30,39
2002-01-29,44
2002-01-28,38
2002-01-25,31
2002-01-24,50
2002-01-23,43
2002-01-21,27
2002-01-19,7
2002-01-18,48
2002-01-17,42
2002-01-16,40
2002-01-15,48
2002-01-14,57
2002-01-11,36
2002-01-10,36
2002-01-09,46
2002-01-08,54
2002-01-07,73
2002-01-06,25
2002-01-05,9
2002-01-04,52
2002-01-03,35
2002-01-02,57
2002-01-01,1
2001-12-31,4
2001-12-21,7
2001-12-20,6
2001-12-19,15
2001-12-17,6
2001-12-15,0
2001-12-14,6
2001-12-13,5
2001-12-10,8
2001-12-07,9
2001-12-06,4
2001-12-05,8
2001-12-04,5
2001-12-03,11
2001-11-29,4
2001-11-28,6
2001-11-27,6
2001-11-26,9
2001-11-22,7
2001-11-21,10
2001-11-20,8
2001-11-19,6
2001-11-16,8
2001-11-14,8
2001-11-12,6
2001-11-09,7
2001-11-08,4
2001-11-07,5
2001-11-05,4
2001-10-30,3
2001-10-26,11
2001-10-25,4
2001-10-24,5
2001-10-22,8
2001-10-17,10
2001-10-16,9
2001-10-15,10
2001-10-10,7
2001-10-09,3
2001-10-08,8
2001-10-05,9
2001-10-04,6
2001-10-03,6
2001-10-02,9
2001-10-01,7
2001-09-27,8
2001-09-25,9
2001-09-24,10
2001-09-21,11
2001-09-20,8
2001-09-19,12
2001-09-18,5
2001-09-17,8
2001-09-14,15
2001-09-13,6
2001-09-12,8
2001-09-11,6
2001-09-06,8
2001-09-04,11
2001-09-03,10
2001-08-31,7
2001-08-30,10
2001-08-27,16
2001-08-24,11
2001-08-23,12
2001-08-20,13
2001-08-17,11
2001-08-14,8
2001-08-13,4
2001-08-10,8
2001-08-09,9
2001-08-07,10
2001-08-03,12
2001-08-01,3
2001-07-30,11
2001-07-27,10
2001-07-26,7
2001-07-25,8
2001-07-24,5
2001-07-23,8
2001-07-20,10
2001-07-19,11
2001-07-18,13
2001-07-17,6
2001-07-16,8
2001-07-13,9
2001-07-12,7
2001-07-11,8
2001-07-10,9
2001-07-09,8
2001-07-06,7
2001-07-05,7
2001-07-04,4
2001-07-03,10
2001-07-02,10
2001-06-29,10
2001-06-28,6
2001-06-27,8
2001-06-26,8
2001-06-25,9
2001-06-21,6
2001-06-20,9
2001-06-19,8
2001-06-15,7
2001-06-13,6
2001-06-12,6
2001-06-11,6
2001-06-08,9
2001-06-07,6
2001-06-06,5
2001-06-05,10
2001-06-04,4
2001-05-29,6
2001-05-25,14
2001-05-24,9
2001-05-22,7
2001-05-18,13
2001-05-16,7
2008-01-01,10
2007-11-25,3
2007-11-18,5
2007-10-28,9
2010-01-16,1
2009-12-20,6
2009-01-11,6
2008-08-31,5
2007-09-23,10
2007-09-16,10
2007-08-12,15
2007-07-29,4
2007-07-14,12
2007-06-30,2
2007-06-17,2
2007-06-16,4
2007-06-15,42
2007-06-09,11
2007-06-03,2
2007-06-02,7
2007-05-19,1
2004-05-02,0
2000-09-20,15
2007-10-07,11
2007-05-09,4
2007-07-08,16
2007-04-30,23
2007-04-22,0
2007-04-15,4
2007-04-14,13
2007-04-01,1
2007-03-24,0
2007-03-17,2
2007-02-24,0
2007-02-20,2
2007-02-10,1
2007-01-28,2
2006-12-31,4
2006-12-28,15
2006-12-26,14
2006-12-23,1
2006-12-16,12
2006-12-10,3
2006-12-09,6
2006-11-25,0
2006-11-19,4
2006-11-18,1
2006-11-15,3
2006-10-29,0
2006-10-15,2
2006-10-12,15
2006-10-01,2
2006-09-17,1
2006-09-16,7
2006-09-15,16
2006-09-09,2
2000-05-20,3
2000-05-06,1
2000-05-05,6
2000-04-22,6
2000-04-21,8
2007-04-07,0
2006-08-13,1
2006-07-29,0
2006-07-22,4
2006-07-04,16
2006-07-02,1
2006-07-01,5
2006-06-30,33
2006-06-27,12
2006-06-15,14
2006-06-12,14
2006-06-08,26
2006-06-06,26
2006-06-03,2
2006-05-08,13
2006-05-02,17
2006-04-14,0
2006-04-08,0
2006-03-17,20
2006-03-12,2
2006-03-02,23
2006-02-28,4
2006-02-25,2
2006-02-23,24
2006-02-20,22
2006-02-14,25
2006-02-08,16
2006-02-06,11
2006-01-29,3
2006-01-27,23
2006-01-26,19
2006-01-22,1
2006-01-21,0
2006-01-17,11
2006-01-16,17
2006-01-14,0
2006-01-05,7
2006-01-04,15
2006-01-03,7
2006-01-02,8
2005-12-29,3
2005-12-21,4
2005-12-20,2
2005-12-11,0
2005-12-07,7
2005-12-04,1
2005-12-03,0
2005-11-25,6
2005-11-19,0
2005-11-11,4
2005-11-08,12
2005-10-20,13
2005-10-17,10
2005-10-11,14
2005-10-04,3
2005-09-28,11
2005-09-19,14
2005-09-14,9
2005-08-27,2
2005-08-24,12
2005-08-19,11
2005-08-18,9
2005-08-06,0
2005-08-03,21
2005-08-02,8
2005-07-29,5
2005-07-26,0
2005-07-25,3
2005-07-15,2
2005-07-11,0
2005-07-08,2
2005-07-07,3
2005-07-03,1
2005-06-22,12
2005-06-21,3
2005-06-20,11
2005-06-06,14
2005-06-05,1
2005-05-23,7
2005-05-18,14
2005-05-17,11
2005-05-16,16
2005-05-13,4
2005-04-29,14
2005-04-26,13
2005-04-12,14
2005-04-10,1
2005-04-04,0
2005-03-31,10
2005-03-28,23
2005-03-25,3
2005-03-17,6
2005-03-10,10
2005-03-03,10
2005-02-20,0
2005-02-18,3
2005-02-05,0
2005-02-01,11
2005-01-31,6
2005-01-24,3
2005-01-20,11
2005-01-19,26
2005-01-18,4
2005-01-14,10
2005-01-11,13
2005-01-08,0
2005-01-04,2
2004-12-31,12
2004-12-30,16
2004-12-27,16
2004-12-26,0
2004-12-04,11
2004-11-15,1
2004-11-14,1
2004-11-13,2
2004-11-09,12
2004-11-02,4
2004-10-16,1
2004-10-06,16
2004-09-25,0
2004-09-18,0
2004-09-11,0
2004-09-06,3
2004-09-05,0
2004-08-29,11
2004-08-27,15
2004-08-17,6
2004-08-12,14
2004-07-25,0
2004-07-17,1
2004-07-06,16
2004-07-04,1
2004-06-22,15
2004-06-21,10
2004-06-13,1
2004-06-10,6
2004-05-31,3
2004-05-24,9
2004-05-11,19
2004-05-08,0
2004-05-01,3
2004-04-16,21
2004-04-12,11
2004-04-09,8
2004-03-23,10
2004-03-22,16
2004-03-13,0
2004-03-12,7
2004-03-06,0
2004-03-05,12
2004-02-28,1
2004-02-24,3
2004-02-23,1
2004-02-22,0
2004-02-17,12
2004-02-15,1
2004-01-19,9
2004-01-17,0
2004-01-12,8
2004-01-11,1
2003-12-31,2
2005-12-24,0
2005-12-18,1
2005-11-20,0
2005-11-12,2
2005-09-18,0
2005-09-04,1
2005-08-28,0
2005-08-20,0
2005-07-23,0
2005-04-17,1
2005-04-07,2
2005-03-20,2
2005-02-19,1
2005-02-13,0
2005-02-12,0
2005-01-09,2
2004-08-22,1
2004-08-21,0
2004-08-15,1
2004-07-18,10
2004-01-01,0
2003-12-27,1
2003-12-15,12
2003-12-14,0
2003-11-23,1
2003-11-08,1
2003-11-07,11
2003-11-01,1
2003-10-29,14
2003-10-21,8
2003-10-18,3
2003-10-17,5
2003-10-16,17
2003-10-11,1
2003-10-09,16
2003-09-27,1
2003-09-06,0
2003-09-01,15
2003-08-19,9
2003-08-16,2
2003-08-11,9
2003-08-07,8
2003-08-06,12
2003-07-19,3
2003-07-18,8
2003-07-13,1
2003-07-06,0
2003-06-29,2
2003-06-24,13
2003-06-23,12
2003-06-22,3
2003-06-19,2
2003-06-15,1
2006-03-18,9
2005-08-13,0
2002-11-19,58
2002-11-15,9
2002-11-09,5
2002-11-03,3
2002-11-02,5
2002-10-19,5
2002-10-06,13
2002-09-29,9
2002-09-28,7
2002-09-15,19
2002-09-14,7
2002-09-08,11
2002-08-25,11
2002-08-24,5
2002-08-18,5
2002-07-28,9
2002-07-27,7
2002-07-21,11
2002-07-20,11
2002-07-14,9
2002-07-13,3
2002-07-07,4
2002-07-06,5
2002-06-30,9
2002-06-23,9
2002-06-22,9
2002-06-15,3
2002-06-08,9
2002-06-02,2
2002-05-26,13
2002-05-19,7
2002-05-18,3
2002-05-12,10
2002-05-11,2
2002-05-09,31
2002-05-05,9
2002-05-04,9
2002-04-21,9
2002-04-14,5
2002-04-13,7
2002-03-31,3
2002-03-29,8
2002-03-24,7
2002-03-15,32
2002-02-24,11
2002-02-23,9
2002-02-17,1
2002-02-12,13
2002-02-10,9
2002-02-09,5
2002-02-03,19
2002-01-27,11
2002-01-26,5
2002-01-22,31
2002-01-20,1
2002-01-13,1
2002-01-12,9
2001-12-28,9
2001-12-27,9
2001-12-26,2
2001-12-24,1
2001-12-18,8
2001-12-12,5
2001-12-11,4
2001-11-30,7
2001-11-23,7
2001-11-13,4
2001-11-06,4
2001-11-01,5
2001-10-29,7
2001-10-23,5
2001-10-19,5
2001-10-18,3
2001-10-11,9
2001-09-28,6
2001-09-26,6
2001-09-10,6
2001-09-05,4
2001-08-29,8
2001-08-28,9
2001-08-22,17
2001-08-21,6
2001-08-16,5
2001-08-15,5
2001-08-08,7
2001-08-06,6
2001-08-02,5
2001-07-31,5
2001-06-22,7
2001-06-18,7
2001-06-01,11
2001-05-31,8
2001-05-30,7
2001-05-28,9
2001-05-23,12
2001-05-17,8
2001-04-30,9
2003-05-17,5
2003-05-14,31
2003-05-11,7
2003-05-08,33
2003-04-21,11
2003-04-20,11
2003-04-19,7
2003-04-18,3
2003-04-07,11
2003-04-04,3
2003-04-03,9
2003-03-28,17
2003-03-23,9
2003-03-18,25
2003-03-16,3
2003-03-15,3
2003-03-13,19
2003-03-07,19
2003-03-05,23
2003-03-04,1
2003-03-02,3
2003-02-27,33
2003-02-25,19
2003-02-23,7
2003-02-22,7
2003-02-18,21
2003-02-17,29
2003-02-09,7
2003-01-31,17
2003-01-29,15
2003-01-26,5
2003-01-25,5
2003-01-19,7
2003-01-05,9
2002-12-31,1
2002-12-30,9
2002-12-29,9
2002-12-27,3
2002-12-25,3
2002-12-23,21
2002-12-08,14
2002-12-07,9
2002-12-01,7
2001-04-04,15
2001-02-08,21
2000-12-01,15
2000-10-09,9
2000-05-18,11
2002-10-05,1
2001-05-15,6
2001-05-11,9
2001-05-10,6
2001-05-08,6
2001-05-04,12
2001-05-03,6
2001-04-27,8
2001-04-26,8
2001-04-23,7
2001-04-19,4
2001-04-18,9
2001-04-16,8
2001-04-12,9
2001-04-11,4
2001-04-09,5
2001-04-06,7
2001-04-05,12
2001-04-03,15
2001-04-02,12
2001-03-30,11
2001-03-29,12
2001-03-28,12
2001-03-27,9
2001-03-23,10
2001-03-22,8
2001-03-21,10
2001-03-20,14
2001-03-16,11
2001-03-15,14
2001-03-14,9
2001-03-13,13
2001-03-12,11
2001-03-09,10
2001-03-08,7
2001-03-07,6
2001-03-06,8
2001-03-02,9
2001-03-01,12
2001-02-28,6
2001-02-26,5
2001-02-23,4
2001-02-22,6
2001-02-20,13
2001-02-19,6
2001-02-16,12
2001-02-13,11
2001-02-12,19
2001-02-09,16
2001-02-07,20
2001-02-06,22
2001-02-05,25
2001-02-02,39
2001-02-01,34
2001-01-31,46
2001-01-30,30
2001-01-29,25
2001-01-26,12
2001-01-25,8
2001-01-24,7
2001-01-23,7
2001-01-22,9
2001-01-17,15
2001-01-16,7
2001-01-11,8
2001-01-10,11
2001-01-09,7
2001-01-08,14
2001-01-05,9
2001-01-03,12
2001-01-02,9
2000-12-29,7
2000-12-28,10
2000-12-27,9
2000-12-22,13
2000-12-21,7
2000-12-20,10
2000-12-19,10
2000-12-15,18
2000-12-12,10
2000-12-11,12
2000-12-07,9
2000-12-06,9
2000-12-05,11
2000-12-04,8
2000-11-30,8
2000-11-29,15
2000-11-28,10
2000-11-27,17
2000-11-24,6
2000-11-22,12
2000-11-21,11
2000-11-17,8
2000-11-16,7
2000-11-14,10
2000-11-13,16
2000-11-10,13
2000-11-09,12
2000-11-07,12
2000-11-03,9
2000-11-01,16
2000-10-31,10
2000-10-30,10
2000-10-25,13
2000-10-24,11
2000-10-23,8
2000-10-20,10
2000-10-19,12
2000-10-18,18
2000-10-17,14
2000-10-16,8
2000-10-13,8
2000-10-11,10
2000-10-10,11
2000-10-06,14
2000-10-05,10
2000-10-04,7
2000-10-03,14
2000-10-02,8
2000-09-29,11
2000-09-28,10
2000-09-26,13
2000-09-22,7
2000-09-21,9
2000-09-19,15
2000-09-18,11
2000-09-15,11
2000-09-13,11
2000-09-12,4
2000-09-11,10
2000-09-08,14
2000-09-06,11
2000-09-05,15
2000-09-01,18
2000-08-31,6
2000-08-30,9
2000-08-28,15
2000-08-25,12
2000-08-24,7
2000-08-23,15
2000-08-22,9
2000-08-21,7
2000-08-18,12
2000-08-16,13
2000-08-15,12
2000-08-14,7
2000-08-11,10
2000-08-08,9
2000-08-07,9
2000-08-04,13
2000-08-03,9
2000-08-01,10
2000-07-31,11
2000-07-26,10
2000-07-25,9
2000-07-21,15
2000-07-20,9
2000-07-19,13
2000-07-18,15
2000-07-14,7
2000-07-13,9
2000-07-12,13
2000-07-11,15
2000-07-06,11
2000-07-05,8
2000-07-04,7
2000-07-03,16
2000-06-30,10
2000-06-29,9
2000-06-28,11
2000-06-27,11
2000-06-26,3
2000-06-23,4
2000-06-21,7
2000-06-20,10
2000-06-19,8
2000-06-16,10
2000-06-14,11
2000-06-13,8
2000-05-17,9
2000-05-04,11
2001-05-14,7
2001-05-09,5
2001-05-07,10
2001-05-02,3
2001-04-25,5
2001-04-24,7
2001-04-20,6
2001-04-17,6
2001-04-10,4
2001-03-26,11
2001-03-19,8
2001-03-05,7
2001-02-27,6
2001-02-21,7
2001-02-15,8
2001-02-14,11
2001-01-19,10
2001-01-18,9
2001-01-15,9
2001-01-12,12
2001-01-04,1
2000-12-26,4
2000-12-18,5
2000-12-14,5
2000-12-13,7
2000-12-08,8
2000-11-23,7
2000-11-20,10
2000-11-08,11
2000-11-06,12
2000-10-27,12
2000-10-26,16
2000-09-27,11
2000-09-25,12
2000-09-14,11
2000-09-04,10
2000-08-29,6
2000-08-17,7
2000-08-10,10
2000-08-09,6
2000-08-02,10
2000-07-28,8
2000-07-27,3
2000-07-24,13
2000-07-17,6
2000-07-10,6
2000-07-07,16
2000-06-15,5
2000-06-12,10
2015-03-02,1
2007-07-01,1
2007-03-18,1
2007-02-11,0
2007-01-13,0
2007-01-07,0
2006-11-11,0
2006-10-08,0
2006-10-07,1
2006-09-23,0
2006-08-27,1
2006-08-26,0
2000-04-29,0
2006-12-25,0
2006-08-06,0
2006-06-04,0
2006-04-30,0
2006-04-23,1
2006-03-25,0
2006-03-19,0
2006-03-04,0
2006-02-04,0
2006-01-01,1
2005-12-31,0
2005-12-28,0
2005-12-08,3
2005-11-02,0
2005-10-09,1
2005-10-01,0
2005-09-24,0
2005-09-22,2
2005-09-09,0
2005-08-21,1
2005-07-13,6
2005-07-01,2
2005-02-26,0
2004-11-21,0
2004-10-23,0
2004-10-12,1
2004-10-09,1
2004-10-02,0
2004-08-01,0
2004-07-11,0
2004-06-19,0
2004-05-09,1
2004-03-07,4
2004-02-29,1
2004-02-07,0
2004-01-31,0
2004-01-24,0
2003-12-25,0
2005-07-09,0
2005-03-12,0
2005-02-27,0
2005-02-06,0
2005-01-02,0
2003-12-07,0
2003-12-06,2
2003-11-29,0
2003-11-09,0
2003-11-02,0
2003-10-04,1
2003-08-24,0
2003-08-10,1
2003-08-02,0
2003-07-27,0
2003-07-20,2
2003-07-12,0
2003-07-05,0
2003-06-08,0
2003-06-07,0
2003-05-25,3
2002-11-23,3
2002-11-17,5
2002-09-21,1
2002-08-11,1
2001-10-31,5
2001-05-21,5
2003-05-04,1
2003-05-01,5
2003-04-27,3
2003-04-26,1
2003-03-01,1
2003-02-01,3
2003-01-01,3
2002-12-28,3
2002-12-24,7
2002-12-22,7
2002-12-15,5
2003-04-05,1
2006-09-02,0
